brand,model,price,avg_rating,reviews,color,RAM,ROM,battery,Rear Camera,Front Camera,display_inches,display_type,processor
Motorola,Motorola g05,6999,4.2,49084,Forest green,4,64,5100,50MP,8MP,6.67,HD+ Display,Helio G81 Processor
Poco,Poco c71,6999,4.1,11677,Desert gold,6,128,5200,32MP,8MP,6.88,HD+ Display,"Unisoc T7250
Max clock speed: 
2 x A75@1.8GHz
6 x A55@1.6GHz Processor"
Poco,Poco c71,6399,3.9,25608,Cool blue,4,64,5200,32MP,8MP,6.88,HD+ Display,"Unisoc T7250
Max clock speed: 
2 x A75@1.8GHz
6 x A55@1.6GHz Processor"
Samsung,Samsung galaxy f05,6499,4.2,64333,Twilight blue,4,64,5000,50MP + 2MP,8MP,6.74,HD+ Display,Helio G85 Processor
Poco,Poco c71,6999,4.1,11677,Power black,6,128,5200,32MP,8MP,6.88,HD+ Display,"Unisoc T7250
Max clock speed: 
2 x A75@1.8GHz
6 x A55@1.6GHz Processor"
Poco,Poco c71,6399,3.9,25608,Power black,4,64,5200,32MP,8MP,6.88,HD+ Display,"Unisoc T7250
Max clock speed: 
2 x A75@1.8GHz
6 x A55@1.6GHz Processor"
Motorola,Motorola edge 60 fusion 5g,22999,4.5,48575,Pantone slipstream,8,256,5500,50MP + 13MP,32MP,6.67,Display,Dimensity 7400 Processor
Realme,Realme c71,8699,4.3,1027,Sea blue,6,128,6300,13MP,5MP,6.75,HD+ Display,T7250 Processor
Motorola,Motorola g85 5g,15999,4.4,225991,Olive green,8,128,5000,50MP + 8MP,32MP,6.67,Full HD+ Display,6s Gen 3 Processor
Motorola,Motorola g45 5g,11999,4.3,204167,Brilliant green,8,128,5000,50MP + 2MP,16MP,6.5,HD+ Display,Snapdragon 6s Gen 3 Processor
Vivo,Vivo t4 lite 5g,10999,4.4,13158,Titanium gold,6,128,6000,50MP + 2MP,5MP,6.74,HD+ Display,Dimensity 6300 5G Processor
Motorola,Motorola edge 60 fusion 5g,24999,4.5,23748,Pantone mykonos blue,12,256,5500,50MP + 13MP,32MP,6.67,Display,Dimensity 7400 Processor
Motorola,Motorola g45 5g,11999,4.3,204167,Pantone moss,8,128,5000,50MP + 2MP,16MP,6.5,HD+ Display,Snapdragon 6s Gen 3 Processor
Poco,Poco c71,6999,4.1,11677,Cool blue,6,128,5200,32MP,8MP,6.88,HD+ Display,"Unisoc T7250
Max clock speed: 
2 x A75@1.8GHz
6 x A55@1.6GHz Processor"
Motorola,Motorola edge 60 5g,25999,4.3,3036,Pantone shamrock,12,256,5500,50MP + 50MP + 10MP,50MP,6.67,Display,Dimensity 7400 Processor
Motorola,Motorola edge 60 fusion 5g,22999,4.5,48575,Pantone zephyr,8,256,5500,50MP + 13MP,32MP,6.67,Display,Dimensity 7400 Processor
Motorola,Motorola edge 60 fusion 5g,24999,4.5,23748,Pantone slipstream,12,256,5500,50MP + 13MP,32MP,6.67,Display,Dimensity 7400 Processor
Vivo,Vivo t4x 5g,13999,4.4,100730,Pronto purple,6,128,6500,50MP + 2MP,8MP,6.72,Display,Dimensity 7300 5G Processor
Motorola,Motorola g45 5g,11999,4.3,204167,Pantone dahlia purple,8,128,5000,50MP + 2MP,16MP,6.5,HD+ Display,Snapdragon 6s Gen 3 Processor
Vivo,Vivo t4 lite 5g,10999,4.4,13158,Prism blue,6,128,6000,50MP + 2MP,5MP,6.74,HD+ Display,Dimensity 6300 5G Processor
Motorola,Motorola edge 50 fusion,20999,4.4,161059,Forest blue,12,256,5000,50MP + 13MP,32MP,6.7,Full HD+ Display,7s Gen 2 Processor
Samsung,Samsung galaxy f06 5g,9499,4.1,19312,Bahama blue,4,128,5000,50MP + 2MP,8MP,6.7,HD+ Display,Dimensity 6300 Processor
Motorola,Motorola g96 5g,19999,4.4,8262,Pantone ashleigh blue,8,256,5500,50MP + 8MP,32MP,6.67,Full HD+ Display,7s Gen 2 Processor
Motorola,Motorola g96 5g,17999,4.4,8262,Pantone ashleigh blue,8,128,5500,50MP + 8MP,32MP,6.67,Full HD+ Display,7s Gen 2 Processor
Motorola,Motorola g96 5g,19999,4.4,8262,Pantone greener pastures,8,256,5500,50MP + 8MP,32MP,6.67,Full HD+ Display,7s Gen 2 Processor
Motorola,Motorola edge 50 fusion,20999,4.4,161059,Marshmallow blue,12,256,5000,50MP + 13MP,32MP,6.7,Full HD+ Display,7s Gen 2 Processor
Motorola,Motorola g45 5g,11999,4.3,204167,Brilliant blue,8,128,5000,50MP + 2MP,16MP,6.5,HD+ Display,Snapdragon 6s Gen 3 Processor
Motorola,Motorola g96 5g,17999,4.4,8262,Pantone cattleya orchid,8,128,5500,50MP + 8MP,32MP,6.67,Full HD+ Display,7s Gen 2 Processor
Motorola,Motorola edge 60 fusion 5g,24999,4.5,23748,Pantone amazonite,12,256,5500,50MP + 13MP,32MP,6.67,Display,Dimensity 7400 Processor
Tecno,Tecno spark go 2,6999,4.2,726,Veil white,4,64,5000,13MP,,6.67,Display,T7250 Processor
Realme,Realme c61,7699,4.4,10429,Safari green,4,64,5000,32MP,5MP,6.745,HD+ Display,T612 Processor
Motorola,Motorola g96 5g,19999,4.4,8262,Pantone dresden blue,8,256,5500,50MP + 8MP,32MP,6.67,Full HD+ Display,7s Gen 2 Processor
Vivo,Vivo t4 5g,21999,4.5,46269,Phantom grey,8,128,7300,50MP (OIS) + 2MP,32MP,6.77,Display,Snapdragon 7s Gen 3 5G Processor
Infinix,Infinix smart 9,6699,4.2,3552,Coral gold,3,64,5000,13MP,8MP,6.7,HD+ Display,Mediatek Helio G50 Processor
Realme,Realme 14x 5g,14999,4.3,11552,Golden glow,6,128,6000,50MP,8MP,6.67,HD+ Display,Dimensity 6300 Processor
Motorola,Motorola edge 50 fusion,20999,4.4,161059,Forest green,12,256,5000,50MP + 13MP,32MP,6.7,Full HD+ Display,7s Gen 2 Processor
Iqoo,Iqoo z10x 5g,13846,4.4,2702,Titanium,6,128,6500,50MP,,6.7,Display,
Motorola,Motorola g96 5g,17999,4.4,8262,Pantone greener pastures,8,128,5500,50MP + 8MP,32MP,6.67,Full HD+ Display,7s Gen 2 Processor
Motorola,Motorola edge 60 fusion 5g,24999,4.5,23748,Pantone zephyr,12,256,5500,50MP + 13MP,32MP,6.67,Display,Dimensity 7400 Processor
Motorola,Motorola g45 5g,11999,4.3,204167,Viva magenta,8,128,5000,50MP + 2MP,16MP,6.5,HD+ Display,Snapdragon 6s Gen 3 Processor
Oneplus,Oneplus nord ce5 5g,24175,4.4,954,Black infinity,8,128,7100,50MP,,6.77,Display,
Motorola,Motorola g96 5g,19999,4.4,8262,Pantone cattleya orchid,8,256,5500,50MP + 8MP,32MP,6.67,Full HD+ Display,7s Gen 2 Processor
Cmf,Cmf by nothing phone 2 pro,18999,4.4,18966,Light green,8,128,5000,50MP + 50MP + 8MP,16MP,6.77,Display,Dimensity 7300 Pro 5G Processor
Iqoo,Iqoo z10x 5g,13690,4.4,2702,Ultramarine,6,128,6500,50MP,,6.7,Display,
Realme,Realme c61,7699,4.4,10429,Marble black,4,64,5000,32MP,5MP,6.745,HD+ Display,T612 Processor
Motorola,Motorola edge 60 fusion 5g,22999,4.5,48575,Pantone mykonos blue,8,256,5500,50MP + 13MP,32MP,6.67,Display,Dimensity 7400 Processor
Motorola,Motorola g96 5g,17999,4.4,8262,Pantone dresden blue,8,128,5500,50MP + 8MP,32MP,6.67,Full HD+ Display,7s Gen 2 Processor
Samsung,Samsung galaxy f16 5g,12999,4.2,6423,Glam green,6,128,5000,50MP + 5MP + 2MP,13MP,6.657,Full HD+ Display,Dimensity 6300 Processor
Tecno,Tecno spark go 2,6999,4.2,726,Turquoise green,4,64,5000,13MP,,6.67,Display,T7250 Processor
Vivo,Vivo t4r 5g,19499,4.5,5537,Twilight blue,8,128,5700,50MP (OIS) + 2MP,32MP,6.77,Display,Dimensity 7400 5G Processor
Google,Google pixel 8a,37999,4.3,7497,Porcelain,8,128,4404,64MP + 13MP,13MP,6.1,Full HD+ Display,Tensor G3 Processor
Tecno,Tecno spark go 2,6999,4.2,726,Titanium grey,4,64,5000,13MP,,6.67,Display,T7250 Processor
Vivo,Vivo t4x 5g,14999,4.5,78468,Pronto purple,8,128,6500,50MP + 2MP,8MP,6.72,Display,Dimensity 7300 5G Processor
Motorola,Motorola edge 50 fusion,18999,4.4,131605,Forest blue,8,128,5000,50MP + 13MP,32MP,6.7,Full HD+ Display,7s Gen 2 Processor
Apple,Apple iphone 14,52990,4.6,313907,Starlight,6,128,4000,12MP + 12MP,12MP,6.1,Super Retina XDR Display,"A15 Bionic Chip, 6 Core Processor Processor"
Realme,Realme c61,8199,4.3,19949,Safari green,6,128,5000,32MP,5MP,6.745,HD+ Display,T612 Processor
Infinix,Infinix smart 9,6699,4.2,3552,Neo titanium,3,64,5000,13MP,8MP,6.7,HD+ Display,Mediatek Helio G50 Processor
Vivo,Vivo t4 5g,21999,4.5,46269,Emerald blaze,8,128,7300,50MP (OIS) + 2MP,32MP,6.77,Display,Snapdragon 7s Gen 3 5G Processor
Samsung,Samsung galaxy f16 5g,12999,4.2,6423,Bling black,6,128,5000,50MP + 5MP + 2MP,13MP,6.657,Full HD+ Display,Dimensity 6300 Processor
Apple,Apple iphone 14,52990,4.6,313907,Midnight,6,128,4000,12MP + 12MP,12MP,6.1,Super Retina XDR Display,"A15 Bionic Chip, 6 Core Processor Processor"
Oppo,Oppo k12x 5g,12999,4.5,185256,Breeze blue,6,128,5100,32MP + 2MP,8MP,6.67,HD Display,Dimensity 6300 Processor
Samsung,Samsung galaxy f06 5g,10999,4.1,8253,Bahama blue,6,128,5000,50MP + 2MP,8MP,6.7,HD+ Display,Dimensity 6300 Processor
Apple,Apple iphone 14,52990,4.6,313907,Blue,6,128,4000,12MP + 12MP,12MP,6.1,Super Retina XDR Display,"A15 Bionic Chip, 6 Core Processor Processor"
Samsung,Samsung galaxy f16 5g,14499,4.2,2437,Glam green,8,128,5000,50MP + 5MP + 2MP,13MP,6.657,Full HD+ Display,Dimensity 6300 Processor
Oppo,Oppo k12x 5g,12999,4.5,185256,Midnight violet,6,128,5100,32MP + 2MP,8MP,6.67,HD Display,Dimensity 6300 Processor
Samsung,Samsung galaxy f06 5g,9499,4.1,19312,Lit violet,4,128,5000,50MP + 2MP,8MP,6.7,HD+ Display,Dimensity 6300 Processor
Tecno,Tecno spark go 2,6999,4.2,726,Ink black,4,64,5000,13MP,,6.67,Display,T7250 Processor
Apple,Apple iphone 15,64900,4.6,263799,Green,6,128,4000,48MP + 12MP,12MP,6.1,Super Retina XDR Display,"A16 Bionic Chip, 6 Core Processor Processor"
Apple,Apple iphone 15,64900,4.6,263799,Pink,6,128,4000,48MP + 12MP,12MP,6.1,Super Retina XDR Display,"A16 Bionic Chip, 6 Core Processor Processor"
Apple,Apple iphone 15 plus,69999,4.6,46077,Pink,6,128,4000,48MP + 12MP,12MP,6.7,Super Retina XDR Display,"A16 Bionic Chip, 6 Core Processor Processor"
Poco,Poco c61,8999,4.1,111078,Diamond dust black,4,64,5000,8MP,5MP,6.71,HD+ Display,Helio G36 Processor
Samsung,Samsung galaxy f06 5g,10999,4.1,8253,Lit violet,6,128,5000,50MP + 2MP,8MP,6.7,HD+ Display,Dimensity 6300 Processor
Poco,Poco c51,8499,4.0,238110,Royal blue,4,64,5000,8MP Dual,5MP,6.52,HD+ Display,Helio G36 Processor
Motorola,Motorola g04s,7299,4.2,29957,Satin blue,4,64,5000,50MP,5MP,6.6,HD+ Display,T606 Processor
Motorola,Motorola e40,6990,4.2,90816,Pink clay,4,64,5000,48MP + 2MP + 2MP,8MP,6.5,HD+ Display,UNISOC T700 Processor
Realme,Realme c51,6999,4.3,93509,Mint green,4,64,5000,50MP + 0.08MP,5MP,6.74,HD Display,T612 Processor
Poco,Poco m6 pro 5g,11999,4.3,86655,Power black,4,128,5000,50MP + 2MP,8MP,6.79,Full HD+ Display,Snapdragon 4 Gen 2 Processor
Motorola,Motorola g34 5g,11999,4.2,147149,Ocean green,8,128,5000,50MP + 2MP,16MP,6.5,HD+ Display,Snapdragon 695 5G Processor
Infinix,Infinix smart 7,6199,4.2,36894,Silk blue,2,64,5000,8MP + AI Lens,5MP,6.6,HD+ Display,"Spreadtrum 
SC9863A1 Processor"
Apple,Apple iphone 14 plus,69900,4.6,86207,Midnight,6,128,4000,12MP + 12MP,12MP,6.7,Super Retina XDR Display,"A15 Bionic Chip, 6 Core Processor Processor"
Infinix,Infinix smart 7,6199,4.2,36894,Green apple,2,64,5000,8MP + AI Lens,5MP,6.6,HD+ Display,"Spreadtrum 
SC9863A1 Processor"
Poco,Poco m6 pro 5g,14999,4.2,26041,Power black,8,256,5000,50MP + 2MP,8MP,6.79,Full HD+ Display,Snapdragon 4 Gen 2 Processor
Infinix,Infinix smart 7,6199,4.2,36894,Jade white,2,64,5000,8MP + AI Lens,5MP,6.6,HD+ Display,Spreadtrum SC9863A1 Processor
Motorola,Motorola edge 40 neo,22999,4.3,60156,Black beauty,8,128,5000,50MP + 13MP,32MP,6.55,Full HD+ Display,Dimensity 7030 Processor
Infinix,Infinix smart 7,6199,4.2,36894,Ink black,2,64,5000,8MP + AI Lens,5MP,6.6,HD+ Display,"Spreadtrum 
SC9863A1 Processor"
Ai+,Ai,5499,4.3,8751,Purple,4,64,5000,50MP,5MP,6.745,HD+ Display,T615 Processor
Poco,Poco c75 5g,7699,4.3,93979,Aqua bliss,4,64,5160,50MP,5MP,6.88,HD+ Display,4s Gen 2 5G Processor
Motorola,Motorola g05,6999,4.2,49084,Plum red,4,64,5100,50MP,8MP,6.67,HD+ Display,Helio G81 Processor
Ai+,Ai,5499,4.3,8751,Pink,4,64,5000,50MP,5MP,6.745,HD+ Display,T615 Processor
Poco,Poco m7 5g,9499,4.1,28665,Mint green,6,128,5160,50MP,8MP,6.88,HD+ Display,4 Gen 2 5G Processor
Ai+,Ai,5499,4.3,8751,Green,4,64,5000,50MP,5MP,6.745,HD+ Display,T615 Processor
Motorola,Motorola g35 5g,9999,4.2,69237,Midnight black,4,128,5000,50MP + 8MP,16MP,6.72,Full HD+ Display,T760 Processor
Motorola,Motorola g35 5g,9999,4.2,69237,Leaf green,4,128,5000,50MP + 8MP,16MP,6.72,Full HD+ Display,T760 Processor
Ai+,Ai,5499,4.3,8751,Blue,4,64,5000,50MP,5MP,6.745,HD+ Display,T615 Processor
Motorola,Motorola g86,17999,4.3,2498,Pantone spellbound,8,128,6720,50MP + 8MP,32MP,6.7,Super HD Display,Dimensity 7400 Processor
Vivo,Vivo t4 lite 5g,9999,4.4,11140,Titanium gold,4,128,6000,50MP + 2MP,5MP,6.74,HD+ Display,Dimensity 6300 5G Processor
Motorola,Motorola edge 60 fusion 5g,22999,4.5,48575,Pantone amazonite,8,256,5500,50MP + 13MP,32MP,6.67,Display,Dimensity 7400 Processor
Motorola,Motorola edge 60 stylus,21999,4.3,8628,Pantone gibraltar sea,8,256,5000,50MP + 13MP,32MP,6.67,Display,7s Gen 2 Mobile Processor Processor
Oppo,Oppo k13x 5g,12999,4.5,13983,Sunset peach,6,128,6000,50MP + 2MP,8MP,6.67,HD+ Display,Dimensity 6300 Processor
Vivo,Vivo t4 lite 5g,9999,4.4,11140,Prism blue,4,128,6000,50MP + 2MP,5MP,6.74,HD+ Display,Dimensity 6300 5G Processor
Poco,Poco f7 5g,31999,4.4,7483,Cyber silver edition,12,256,7550,50MP,20MP,6.83,Display,8s Gen 4 Processor
Poco,Poco m7 5g,10499,4.2,6030,Mint green,8,128,5160,50MP,8MP,6.88,HD+ Display,4 Gen 2 5G Processor
Poco,Poco m7 pro 5g,12999,4.3,18754,Lavender frost,6,128,5110,50MP + 2MP,20MP,6.67,Full HD+ Display,Dimensity 7025 Ultra Processor
Motorola,Motorola g86,17999,4.3,2498,Pantone golden cypress,8,128,6720,50MP + 8MP,32MP,6.7,Super HD Display,Dimensity 7400 Processor
Vivo,Vivo t4 lite 5g,12999,4.3,4898,Titanium gold,8,256,6000,50MP + 2MP,5MP,6.74,HD+ Display,Dimensity 6300 5G Processor
Motorola,Motorola g85 5g,15999,4.4,225991,Cobalt blue,8,128,5000,50MP + 8MP,32MP,6.67,Full HD+ Display,6s Gen 3 Processor
Motorola,Motorola edge 60 pro,29999,4.3,13546,Pantone shadow,8,256,6000,50MP + 50MP + 10MP,50MP,6.7,Display,Dimensity 8350 Processor
Motorola,Motorola edge 50 fusion,18999,4.4,131605,Forest green,8,128,5000,50MP + 13MP,32MP,6.7,Full HD+ Display,7s Gen 2 Processor
Nothing,Nothing phone  plus,20999,4.4,14002,2a) plus (grey,8,256,5000,50MP + 50MP,50MP,6.7,Full HD+ Display,Dimensity 7350 Pro 5G Processor
Vivo,Vivo t4r 5g,19499,4.5,5537,Arctic white,8,128,5700,50MP (OIS) + 2MP,32MP,6.77,Display,Dimensity 7400 5G Processor
Motorola,Motorola edge 60 pro,37999,4.5,254,Pantone shadow,16,512,6000,50MP + 50MP + 10MP,50MP,6.7,Display,Dimensity 8350 Processor
Redmi,Redmi a3x,6999,4.1,6764,Ocean green,4,128,5000,8MP,5MP,6.71,HD+ Display,
Tecno,Tecno pova 7 5g,15999,4.5,2333,Geek black,8,256,6000,50MP + AI,13MP,6.78,Full HD+ Display,Dimensity 7300 Ultimate Processor
Motorola,Motorola g85 5g,15999,4.4,225991,Urban grey,8,128,5000,50MP + 8MP,32MP,6.67,Full HD+ Display,6s Gen 3 Processor
Poco,Poco m7 5g,9499,4.1,28665,Ocean blue,6,128,5160,50MP,8MP,6.88,HD+ Display,4 Gen 2 5G Processor
Poco,Poco m7 5g,8799,3.5,3914,Ocean blue,6,128,5160,50MP,8MP,6.88,HD+ Display,4 Gen 2 5G Processor
Apple,Apple iphone 13,44999,4.6,293391,Starlight,6,128,4000,12MP + 12MP,12MP,6.1,Super Retina XDR Display,A15 Bionic Chip Processor
Samsung,Samsung galaxy f16 5g,12999,4.2,6423,Vibing blue,6,128,5000,50MP + 5MP + 2MP,13MP,6.657,Full HD+ Display,Dimensity 6300 Processor
Motorola,Motorola edge 50 fusion,20999,4.4,161059,Hot pink,12,256,5000,50MP + 13MP,32MP,6.7,Full HD+ Display,7s Gen 2 Processor
Poco,Poco m7 pro 5g,12999,4.3,18754,Olive twilight,6,128,5110,50MP + 2MP,20MP,6.67,Full HD+ Display,Dimensity 7025 Ultra Processor
Samsung,Samsung galaxy s24 ultra 5g,81250,4.6,4716,Titanium black,12,256,5000,200MP + 50MP + 12MP + 10MP,12MP,6.8,Quad HD+ Display,Snapdragon 8 Gen 3 Processor
Realme,Realme p3 5g,16999,4.4,15962,Nebula pink,8,128,6000,50MP + 2MP,16MP,6.67,Full HD+ Display,6 Gen 4 Processor
Realme,Realme p3 5g,18499,4.4,15962,Space silver,8,256,6000,50MP + 2MP,16MP,6.67,Full HD+ Display,6 Gen 4 Processor
Realme,Realme p3 5g,16999,4.4,15962,Space silver,8,128,6000,50MP + 2MP,16MP,6.67,Full HD+ Display,6 Gen 4 Processor
Realme,Realme p3 5g,16999,4.4,15962,Comet grey,8,128,6000,50MP + 2MP,16MP,6.67,Full HD+ Display,6 Gen 4 Processor
Poco,Poco m7 5g,9499,4.1,28665,Satin black,6,128,5160,50MP,8MP,6.88,HD+ Display,4 Gen 2 5G Processor
Nothing,Nothing phone,24999,4.5,32099,3a) (black,8,128,5000,50MP (Main) + 50MP (2X Tele Photo) + 8MP (Ultra-Wide),32MP,6.77,Full HD+ Display,7s Gen3 Processor
Nothing,Nothing phone,26999,4.5,32099,3a) (white,8,256,5000,50MP (Main) + 50MP (2X Tele Photo) + 8MP (Ultra-Wide),32MP,6.77,Full HD+ Display,7s Gen3 Processor
Nothing,Nothing phone,26999,4.5,32099,3a) (black,8,256,5000,50MP (Main) + 50MP (2X Tele Photo) + 8MP (Ultra-Wide),32MP,6.77,Full HD+ Display,7s Gen3 Processor
Nothing,Nothing phone,24999,4.5,32099,3a) (white,8,128,5000,50MP (Main) + 50MP (2X Tele Photo) + 8MP (Ultra-Wide),32MP,6.77,Full HD+ Display,7s Gen3 Processor
Nothing,Nothing phone,26999,4.5,32099,3a) (blue,8,256,5000,50MP (Main) + 50MP (2X Tele Photo) + 8MP (Ultra-Wide),32MP,6.77,Full HD+ Display,7s Gen3 Processor
Nothing,Nothing phone,24999,4.5,32099,3a) (blue,8,128,5000,50MP (Main) + 50MP (2X Tele Photo) + 8MP (Ultra-Wide),32MP,6.77,Full HD+ Display,7s Gen3 Processor
Realme,Realme c71,8699,4.3,1027,Obsidian black,6,128,6300,13MP,5MP,6.75,HD+ Display,T7250 Processor
Samsung,Samsung galaxy f16 5g,14499,4.2,2437,Vibing blue,8,128,5000,50MP + 5MP + 2MP,13MP,6.657,Full HD+ Display,Dimensity 6300 Processor
Apple,Apple iphone 16 pro max,137900,4.6,1259,White titanium,8,256,4000,48MP + 48MP + 12MP,12MP,6.9,Super Retina XDR Display,"A18 Pro Chip, 6 Core Processor Processor"
Motorola,Motorola g35 5g,9999,4.2,69237,Guava red,4,128,5000,50MP + 8MP,16MP,6.72,Full HD+ Display,T760 Processor
Tecno,Tecno pova 6 neo 5g,13999,4.1,551,Aurora cloud,8,256,5000,108MP,8MP,6.67,Display,Dimensity 6300 5G Processor
Tecno,Tecno pova 6 neo 5g,13999,4.1,551,Midnight shadow,8,256,5000,108MP,8MP,6.67,Display,Dimensity 6300 5G Processor
Samsung,Samsung galaxy a35 5g,21999,4.3,25124,Awesome iceblue,8,128,5000,50MP + 8MP + 5MP,13MP,6.6,Full HD+ Display,Samsung Exynos 1380 Processor
Poco,Poco m7 pro 5g,14999,4.2,7492,Olive twilight,8,256,5110,50MP + 2MP,20MP,6.67,Full HD+ Display,Dimensity 7025 Ultra Processor
Samsung,Samsung galaxy s24 fe 5g,39999,4.5,14801,Mint,8,128,4700,50MP + 12MP,10MP,6.7,Full HD+ Display,Exynos 2400e Processor
Samsung,Samsung galaxy m35 5g,17900,4.4,25891,Thunder grey,6,128,6000,50MP,,6.6,Display,
Motorola,Motorola g45 5g,11999,4.3,204167,Pink lavender,8,128,5000,50MP + 2MP,16MP,6.5,HD+ Display,Snapdragon 6s Gen 3 Processor
Poco,Poco f7 5g,31999,4.4,7483,Phantom black,12,256,7550,50MP,20MP,6.83,Display,8s Gen 4 Processor
Tecno,Tecno pova 6 neo 5g,11999,4.3,4238,Azure sky,6,128,5000,108MP,8MP,6.67,Display,Dimensity 6300 5G Processor
Motorola,Motorola edge 50 neo,19999,4.4,29534,Pantone poinciana,8,256,4310,50MP + 13MP + 10MP,32MP,6.4,Super HD Display,Dimensity 7300 Processor
Infinix,Infinix note 50s 5g,14999,4.4,1984,Titanium grey,6,128,5500,64MP + 2MP,13MP,6.78,Full HD+ Display,Dimensity 7300 Ultimate Processor
Iqoo,Iqoo neo 10r 5g,28758,4.5,736,Moonknight titanium,12,256,6400,50MP,,6.78,Display,
Samsung,Samsung galaxy s24 ultra 5g,81497,4.6,4716,Titanium gray,12,256,5000,200MP + 50MP + 12MP + 10MP,12MP,6.8,Quad HD+ Display,Snapdragon 8 Gen 3 Processor
Oneplus,Oneplus nord ce4 lite 5g,16978,4.4,27210,Mega blue,8,128,5500,50MP,,6.67,Display,
Apple,Apple iphone 16e,54900,4.6,1487,White,8,128,4000,48MP,12MP,6.1,Super Retina XDR Display,"A18 Chip, 6 Core Processor"
Infinix,Infinix note 50s 5g,15999,4.4,17330,Marine drift,8,128,5500,64MP + 2MP,13MP,6.78,Full HD+ Display,Dimensity 7300 Ultimate Processor
Infinix,Infinix note 50s 5g,17999,4.4,17330,Burgundy red,8,256,5500,64MP + 2MP,13MP,6.78,Full HD+ Display,Dimensity 7300 Ultimate Processor
Infinix,Infinix note 50s 5g,15999,4.4,17330,Titanium grey,8,128,5500,64MP + 2MP,13MP,6.78,Full HD+ Display,Dimensity 7300 Ultimate Processor
Redmi,Redmi a4 5g,8573,4.3,7752,Starry black,4,64,5160,50MP,,6.88,Display,
Samsung,Samsung galaxy s24 fe 5g,39999,4.5,14801,Graphite,8,128,4700,50MP + 12MP,10MP,6.7,Full HD+ Display,Exynos 2400e Processor
Motorola,Motorola edge 60 pro,32999,4.3,6345,Pantone shadow,12,256,6000,50MP + 50MP + 10MP,50MP,6.7,Display,Dimensity 8350 Processor
Samsung,Samsung galaxy s24 fe 5g,45999,4.5,14801,Graphite,8,256,4700,50MP + 12MP,10MP,6.7,Full HD+ Display,Exynos 2400e Processor
Samsung,Samsung galaxy s24 fe 5g,45999,4.5,14801,Mint,8,256,4700,50MP + 12MP,10MP,6.7,Full HD+ Display,Exynos 2400e Processor
Iqoo,Iqoo neo 10r 5g,24074,4.4,1703,Raging blue,8,128,6400,50MP,,6.78,Display,
Apple,Apple iphone 16 pro max,137900,4.6,1259,Black titanium,8,256,4000,48MP + 48MP + 12MP,12MP,6.9,Super Retina XDR Display,"A18 Pro Chip, 6 Core Processor Processor"
Motorola,Motorola edge 60 5g,25999,4.3,3036,Pantone gibraltar sea,12,256,5500,50MP + 50MP + 10MP,50MP,6.67,Display,Dimensity 7400 Processor
Realme,Realme narzo 80 lite 5g,11399,4.3,385,Onyx black,6,128,6000,50MP,,6.67,Display,
Realme,Realme narzo 80 lite 5g,11543,4.3,385,Crystal purple,6,128,6000,50MP,,6.67,Display,
Infinix,Infinix note 50s 5g,15999,4.4,17330,Burgundy red,8,128,5500,64MP + 2MP,13MP,6.78,Full HD+ Display,Dimensity 7300 Ultimate Processor
Apple,Apple iphone 16e,54900,4.6,1487,Black,8,128,4000,48MP,12MP,6.1,Super Retina XDR Display,"A18 Chip, 6 Core Processor"
Oneplus,Oneplus nord ce4 lite 5g,17026,4.4,27210,Ultra orange,8,128,5500,50MP,,6.67,Display,
Redmi,Redmi 13 5g,13095,4.2,10869,Orchid pink,8,128,5030,108MP,,6.79,Full HD+ Display,Qualcomm SM4450 Snapdragon 4 Gen 2 AE (4 nm) Processor
Redmi,Redmi a4 5g,8576,4.3,7752,Sparkle purple,4,64,5160,50MP,,6.88,Display,
Samsung,Samsung galaxy s24 fe 5g,39999,4.5,14801,Blue,8,128,4700,50MP + 12MP,10MP,6.7,Full HD+ Display,Exynos 2400e Processor
Ai+,Ai+ nova 5g,8499,4.0,3469,Blue,6,128,5000,50MP,5MP,6.745,HD+ Display,T8200 Processor
Redmi,Redmi a4 5g,9399,4.3,7752,Starry black,4,128,5160,50MP,,6.88,Display,
Samsung,Samsung galaxy s24 fe 5g,45999,4.5,14801,Blue,8,256,4700,50MP + 12MP,10MP,6.7,Full HD+ Display,Exynos 2400e Processor
Samsung,Samsung galaxy a55 5g,25638,4.4,2391,Awesome navy,8,128,5000,50MP + 12MP + 5MP,32MP,6.6,Full HD+ Display,Samsung Exynos 1480 Processor
Motorola,Motorola edge 50 pro 5g,27999,4.4,65999,Luxe lavender,12,256,4500,50MP + 13MP + 10MP,50MP,6.7,Display,7 Gen 3 Mobile Platform Processor
Samsung,Samsung galaxy s24 ultra 5g,81751,4.6,4716,Titanium gray,12,256,5000,200MP + 50MP + 12MP + 10MP,12MP,6.8,Quad HD+ Display,Snapdragon 8 Gen 3 Processor
Tecno,Tecno pova 6 neo 5g,11999,4.3,4238,Aurora cloud,6,128,5000,108MP,8MP,6.67,Display,Dimensity 6300 5G Processor
Infinix,Infinix note 50s 5g,17999,4.4,17330,Titanium grey,8,256,5500,64MP + 2MP,13MP,6.78,Full HD+ Display,Dimensity 7300 Ultimate Processor
Samsung,Samsung galaxy s24 5g,52999,4.6,7527,Marble gray,8,256,4000,50MP + 10MP + 12MP,12MP,6.2,Full HD+ Display,Exynos 2400 Processor
Realme,Realme narzo 80 lite 4g,7268,4.5,54,Obsidian black,4,64,6300,13MP,,6.74,HD+ Display,
Cmf,Cmf by nothing phone 2 pro,18999,4.4,18966,Black,8,128,5000,50MP + 50MP + 8MP,16MP,6.77,Display,Dimensity 7300 Pro 5G Processor
Cmf,Cmf by nothing phone 2 pro,18999,4.4,18966,Orange,8,128,5000,50MP + 50MP + 8MP,16MP,6.77,Display,Dimensity 7300 Pro 5G Processor
Oneplus,Oneplus nord ce4 lite 5g,17135,4.4,27210,Super silver,8,128,5500,50MP,,6.67,Display,
Poco,Poco c75 5g,8499,4.3,93979,Aqua bliss,4,128,5160,50MP,5MP,6.88,HD+ Display,4s Gen 2 5G Processor
Oneplus,Oneplus nord ce4 lite 5g,21690,4.4,27210,Mega blue,8,256,5500,50MP,,6.67,Display,
Iqoo,Iqoo z10x 5g,16690,4.3,1617,Ultramarine,8,256,6500,50MP,,6.7,Display,
Apple,Apple iphone 16,84900,4.6,19106,Black,8,256,4000,48MP + 12MP,12MP,6.1,Super Retina XDR Display,"A18 Chip, 6 Core Processor Processor"
Oneplus,Oneplus nord ce4 lite 5g,21995,4.4,27210,Ultra orange,8,256,5500,50MP,,6.67,Display,
Ai+,Ai+ nova 5g,8499,4.0,3469,Purple,6,128,5000,50MP,5MP,6.745,HD+ Display,T8200 Processor
Samsung,Samsung galaxy f06 5g,8499,4.1,19312,Bahama blue,4,64,5000,50MP + 2MP,8MP,6.7,HD+ Display,Dimensity 6300 Processor
Google,Google pixel 9,64999,4.5,3405,Obsidian,12,256,4700,50MP + 48MP,10.5MP,6.3,Display,Google Tensor G4 Processor
Cmf,Cmf by nothing phone 2 pro,20999,4.4,18966,Light green,8,256,5000,50MP + 50MP + 8MP,16MP,6.77,Display,Dimensity 7300 Pro 5G Processor
Cmf,Cmf by nothing phone 2 pro,20999,4.4,18966,Orange,8,256,5000,50MP + 50MP + 8MP,16MP,6.77,Display,Dimensity 7300 Pro 5G Processor
Cmf,Cmf by nothing phone 2 pro,20999,4.4,18966,White,8,256,5000,50MP + 50MP + 8MP,16MP,6.77,Display,Dimensity 7300 Pro 5G Processor
Poco,Poco m7 5g,10499,4.2,6030,Ocean blue,8,128,5160,50MP,8MP,6.88,HD+ Display,4 Gen 2 5G Processor
Samsung,Samsung galaxy a06 5g,9094,4.0,1050,Light green,4,64,5000,50MP + 50MP,2MP + 2MP,6.7,HD+ Display,MEDIATEK Processor
Cmf,Cmf by nothing phone 2 pro,18999,4.4,18966,White,8,128,5000,50MP + 50MP + 8MP,16MP,6.77,Display,Dimensity 7300 Pro 5G Processor
Samsung,Samsung galaxy s24 5g,46999,4.6,7527,Onyx black,8,128,4000,50MP + 10MP + 12MP,12MP,6.2,Full HD+ Display,Exynos 2400 Processor
Infinix,Infinix note 50s 5g,17999,4.4,17330,Marine drift,8,256,5500,64MP + 2MP,13MP,6.78,Full HD+ Display,Dimensity 7300 Ultimate Processor
Infinix,Infinix note 50s 5g,14999,4.4,1984,Marine drift,6,128,5500,64MP + 2MP,13MP,6.78,Full HD+ Display,Dimensity 7300 Ultimate Processor
Oneplus,Oneplus nord 5,31958,4.4,160,Phantom grey,8,256,6800,50MP + 50MP + 8MP,50MP,6.83,Full HD+ AMOLED Display,Qualcomm® Snapdragon™ 8s Gen 3 Mobile Platform Processor
Vivo,Vivo y19e,7999,4.3,1794,Titanium silver,4,64,5500,13MP + 0.08MP,5MP,6.74,Display,T7225 Processor
Samsung,Samsung galaxy s24 5g,46999,4.6,7527,Marble gray,8,128,4000,50MP + 10MP + 12MP,12MP,6.2,Full HD+ Display,Exynos 2400 Processor
Poco,Poco m7 5g,10499,4.2,6030,Satin black,8,128,5160,50MP,8MP,6.88,HD+ Display,4 Gen 2 5G Processor
Iqoo,Iqoo neo 10r 5g,26148,4.4,1703,Raging blue,8,256,6400,50MP,,6.78,Display,
Redmi,Redmi 13 5g,12580,4.2,10869,Black diamond,8,128,5030,108MP,,6.79,Display,
Tecno,Tecno pova 7 5g,14999,4.5,2333,Magic silver,8,128,6000,50MP + AI,13MP,6.78,Full HD+ Display,Dimensity 7300 Ultimate Processor
Realme,Realme 14x 5g,15999,4.3,6690,Golden glow,8,128,6000,50MP,8MP,6.67,HD+ Display,Dimensity 6300 Processor
Tecno,Tecno pova 7 5g,15999,4.5,2333,Oasis green,8,256,6000,50MP + AI,13MP,6.78,Full HD+ Display,Dimensity 7300 Ultimate Processor
Cmf,Cmf by nothing phone 2 pro,20999,4.4,18966,Black,8,256,5000,50MP + 50MP + 8MP,16MP,6.77,Display,Dimensity 7300 Pro 5G Processor
Oneplus,Oneplus nord ce5 5g,26220,4.4,954,Black infinity,8,256,7100,50MP,,6.77,Display,
Samsung,Samsung galaxy s24 ultra 5g,81491,4.6,4716,Titanium black,12,256,5000,200MP + 50MP + 12MP + 10MP,12MP,6.8,Quad HD+ Display,Snapdragon 8 Gen 3 Processor
Iqoo,Iqoo z10x 5g,14997,4.3,1617,Titanium,8,128,6500,50MP,,6.7,Display,
Oneplus,Oneplus nord ce5 5g,26037,4.4,954,Nexus blue,8,256,7100,50MP,,6.77,Display,
Iqoo,Iqoo neo 10r 5g,26375,4.4,1703,Moonknight titanium,8,256,6400,50MP,,6.78,Display,
Iqoo,Iqoo neo 10r 5g,27749,4.5,736,Raging blue,12,256,6400,50MP,,6.78,Display,
Redmi,Redmi note 14 se 5g,14999,4.1,1878,Mystique white,6,128,5110,50MP + 8MP + 2MP,20MP,6.67,Full HD+ Display,Dimensity 7025 Ultra Processor
Samsung,Samsung galaxy f36 5g,17499,4.3,1100,Black,6,128,5000,50MP + 8MP + 2MP,13MP,6.7,Full HD+ Display,Samsung Exynos 1380 Processor
Apple,Apple iphone 14,62990,4.6,313907,Blue,6,256,4000,12MP + 12MP,12MP,6.1,Super Retina XDR Display,"A15 Bionic Chip, 6 Core Processor Processor"
Oneplus,Oneplus nord ce4 lite 5g,21499,4.4,27210,Super silver,8,256,5500,50MP,,6.67,Display,
Iqoo,Iqoo neo 10r 5g,24549,4.4,1703,Moonknight titanium,8,128,6400,50MP,,6.78,Display,
Realme,Realme p3 ultra 5g,23999,4.4,6898,Neptune blue,8,128,6000,50MP + 8MP,16MP,6.83,Display,Dimensity 8350 Ultra Processor
Realme,Realme p3 ultra 5g,23999,4.4,6898,Orion red,8,128,6000,50MP + 8MP,16MP,6.83,Display,Dimensity 8350 Ultra Processor
Samsung,Samsung galaxy a35 5g,21999,4.3,25124,Awesome navy,8,128,5000,50MP + 8MP + 5MP,13MP,6.6,Full HD+ Display,Samsung Exynos 1380 Processor
Apple,Apple iphone 16,84900,4.6,19106,Pink,8,256,4000,48MP + 12MP,12MP,6.1,Super Retina XDR Display,"A18 Chip, 6 Core Processor Processor"
Apple,Apple iphone 16 plus,94900,4.6,3379,Teal,8,256,4000,48MP + 12MP,12MP,6.7,Super Retina XDR Display,"A18 Chip, 6 Core Processor Processor"
Apple,Apple iphone 16e,64900,4.6,1487,White,8,256,4000,48MP,12MP,6.1,Super Retina XDR Display,"A18 Chip, 6 Core Processor"
Tecno,Tecno pop 9 4g,6499,4.1,97,Glittery white,3,64,5000,13MP,,6.67,Display,
Tecno,Tecno pova 7 5g,14999,4.5,2333,Oasis green,8,128,6000,50MP + AI,13MP,6.78,Full HD+ Display,Dimensity 7300 Ultimate Processor
Oneplus,Oneplus nord ce5 5g,23988,4.4,954,Marble mist,8,128,7100,50MP,,6.77,Display,
Infinix,Infinix hot 60 5g,10499,4.3,784,Sleek black,6,128,5200,50MP,8MP,6.7,HD+ Display,Dimensity 7020 Processor
Realme,Realme p3 ultra 5g,27999,4.4,6898,Orion red,8,256,6000,50MP + 8MP,16MP,6.83,Display,Dimensity 8350 Ultra Processor
Infinix,Infinix hot 60 5g,10499,4.3,784,Shadow blue,6,128,5200,50MP,8MP,6.7,HD+ Display,Dimensity 7020 Processor
Infinix,Infinix hot 60 5g,10499,4.3,784,Tundra green,6,128,5200,50MP,8MP,6.7,HD+ Display,Dimensity 7020 Processor
Realme,Realme 14x 5g,14999,4.3,11552,Jewel red,6,128,6000,50MP,8MP,6.67,HD+ Display,Dimensity 6300 Processor
Infinix,Infinix gt 30 pro 5g,26999,4.4,800,Blade white,12,256,5500,108MP + 8MP,13MP,6.78,Display,Dimensity 8350 Ultimate Processor
Apple,Apple iphone 16,84900,4.6,19106,Teal,8,256,4000,48MP + 12MP,12MP,6.1,Super Retina XDR Display,"A18 Chip, 6 Core Processor Processor"
Infinix,Infinix gt 30 pro 5g,24999,4.4,1107,Blade white,8,256,5500,108MP + 8MP,13MP,6.78,Display,Dimensity 8350 Ultimate Processor
Motorola,Motorola edge 60 pro,32999,4.3,6345,Pantone sparkling grape,12,256,6000,50MP + 50MP + 10MP,50MP,6.7,Display,Dimensity 8350 Processor
Poco,Poco c75 5g,8499,4.3,93979,Enchanted green,4,128,5160,50MP,5MP,6.88,HD+ Display,4s Gen 2 5G Processor
Iqoo,Iqoo z10 5g,23455,4.4,2571,Glacier silver / silver,8,256,7300,50MP,,6.77,Display,
Google,Google pixel 9,64999,4.5,3405,Wintergreen,12,256,4700,50MP + 48MP,10.5MP,6.3,Display,Google Tensor G4 Processor
Google,Google pixel 9a,49999,4.4,1977,Iris,8,256,5100,48MP + 12MP,12MP,6.285,Full HD+ Display,Tensor G4 Processor
Motorola,Motorola edge 60 stylus,21999,4.3,8628,Pantone surf the web,8,256,5000,50MP + 13MP,32MP,6.67,Display,7s Gen 2 Mobile Processor Processor
Iqoo,Iqoo z10 lite 5g,10284,4.2,277,Cyber green,4,128,6000,50MP,,6.74,Display,
Samsung,Samsung galaxy a55 5g,28735,4.4,2391,Awesome navy,8,256,5000,50MP + 12MP + 5MP,32MP,6.6,Full HD+ Display,Exynos 1480 Processor
Iqoo,Iqoo z10 lite 5g,11245,4.2,514,Titanium blue,6,128,6000,50MP,,6.74,Display,
Samsung,Samsung galaxy a55 5g,26657,4.4,2391,Awesome iceblue,8,128,5000,50MP + 12MP + 5MP,32MP,6.6,Full HD+ Display,Samsung Exynos 1480 Processor
Realme,Realme p3 ultra 5g,29999,4.5,1827,Orion red,12,256,6000,50MP + 8MP,16MP,6.83,Display,Dimensity 8350 Ultra Processor
Realme,Realme p3 ultra 5g,29999,4.5,1827,Glowing lunar white,12,256,6000,50MP + 8MP,16MP,6.83,Display,Dimensity 8350 Ultra Processor
Redmi,Redmi a5,6499,4.2,2743,Pondicherry blue,3,64,5200,32MP,8MP,6.88,HD+ Display,T7250 Processor
Motorola,Motorola edge 50,20999,4.3,38619,Peach fuzz,8,256,5000,50MP + 13MP + 10MP,32MP,6.67,Display,Snapdragon 7 Gen 1 Accelerated Edition Processor
Nothing,Nothing phone  pro,29999,4.5,6494,3a) pro (grey,8,128,5000,50MP (Main) + 50MP (3X Periscope)+ 8MP (Ultra-Wide),50MP,6.77,Full HD+ Display,7s Gen3 Processor
Poco,Poco x6 pro 5g,19879,4.3,24559,Yellow,8,256,5000,64MP + 8MP + 2MP,16MP,6.67,Display,Dimensity D8300 Ultra Processor
Realme,Realme narzo 80 lite 5g,11899,4.6,11,Onyx black,4,128,6000,50MP,,6.67,Display,
Nothing,Nothing phone  pro,31999,4.5,6494,3a) pro (grey,8,256,5000,50MP (Main) + 50MP (3X Periscope)+ 8MP (Ultra-Wide),50MP,6.77,Full HD+ Display,7s Gen3 Processor
Nothing,Nothing phone  pro,31999,4.5,6494,3a) pro (black,8,256,5000,50MP (Main) + 50MP (3X Periscope)+ 8MP (Ultra-Wide),50MP,6.77,Full HD+ Display,7s Gen3 Processor
Nothing,Nothing phone  pro,33999,4.5,3387,3a) pro (black,12,256,5000,50MP (Main) + 50MP (3X Periscope)+ 8MP (Ultra-Wide),50MP,6.77,Full HD+ Display,7s Gen3 Processor
Vivo,Vivo y19e,7999,4.3,1794,Majestic green,4,64,5500,13MP + 0.08MP,5MP,6.74,Display,T7225 Processor
Realme,Realme 14x 5g,15999,4.3,6690,Crystal black,8,128,6000,50MP,8MP,6.67,HD+ Display,Dimensity 6300 Processor
Realme,Realme p3 ultra 5g,23999,4.4,6898,Glowing lunar white,8,128,6000,50MP + 8MP,16MP,6.83,Display,Dimensity 8350 Ultra Processor
Iqoo,Iqoo z10x 5g,16790,4.3,1617,Titanium,8,256,6500,50MP,,6.7,Display,
Samsung,Samsung galaxy s24+ 5g,52999,4.5,11498,Onyx black,12,256,4900,50MP + 10MP + 12MP,12MP,6.7,Quad HD+ Display,Exynos 2400 Processor
Samsung,Samsung galaxy a55 5g,29945,4.4,2391,Awesome iceblue,8,256,5000,50MP + 12MP + 5MP,32MP,6.6,Full HD+ Display,Samsung Exynos 1480 Processor
Realme,Realme 15 pro 5g,31999,4.4,1484,Flowing silver,8,128,7000,50MP + 50MP,50MP,6.8,Display,Snapdragon 7 Gen 4 Processor
Itel,Itel a05s |,6690,4.3,106,Glorious orange,4,64,4000,8MP,,6.56,Display,
Itel,Itel p55,8499,4.2,1058,Aurora blue,8,128,5000,50MP,8MP,6.56,HD Display,Unisoc T606 Processor
Tecno,Tecno spark go 1,6899,4.3,1482,Startrail black,3,64,5000,13MP,8MP,6.67,Display,Unisoc T61 Processor
Redmi,Redmi a3x,5999,4.1,10482,Olive green,3,64,5000,8MP,5MP,6.71,HD+ Display,
Tecno,Tecno spark go 1,7299,4.3,5734,Startrail black,4,64,5000,13MP,8MP,6.67,Display,Unisoc T61 Processor
Redmi,Redmi a3x,6499,4.1,6764,Olive green,4,64,5000,8MP,5MP,6.71,HD+ Display,
Redmi,Redmi a3x,5999,4.1,10482,Ocean green,3,64,5000,8MP,5MP,6.71,HD+ Display,
Redmi,Redmi a3x,6999,4.1,6764,Olive green,4,128,5000,8MP,5MP,6.71,HD+ Display,
Redmi,Redmi a3x,6499,4.1,6764,Ocean green,4,64,5000,8MP,5MP,6.71,HD+ Display,
Motorola,Motorola g64 5g,15999,4.2,86184,Berry red,12,256,6000,50MP (OIS) + 8MP,16MP,6.5,Full HD+ Display,Dimensity 7025 Processor
Samsung,Samsung galaxy f16 5g,11499,4.1,3244,Vibing blue,4,128,5000,50MP + 5MP + 2MP,13MP,6.657,Full HD+ Display,Dimensity 6300 Processor
Motorola,Motorola g85 5g,17999,4.4,80305,Viva magenta,12,256,5000,50MP + 8MP,32MP,6.67,Full HD+ Display,6s Gen 3 Processor
Itel,Itel zeno 10,6331,4.4,28,Opal purple,4,64,5000,8MP,,6.6,Display,
Redmi,Redmi a3x,5999,4.1,10482,Midnight black,3,64,5000,8MP,5MP,6.71,HD+ Display,
Motorola,Motorola g84 5g,18999,4.2,53326,Viva magenta,12,256,5000,50MP (OIS) + 8MP,16MP,6.55,Full HD+ Display,Snapdragon 695 Processor
Oppo,Oppo k12x 5g,12999,4.5,185256,Feather pink,6,128,5100,32MP + 2MP,8MP,6.67,HD Display,Dimensity 6300 Processor
Redmi,Redmi 13c,9999,4.2,25521,Starfrost white,6,128,5000,50MP,8MP,6.74,HD+ Display,Helio G85 Processor
Redmi,Redmi a3x,6499,4.1,6764,Midnight black,4,64,5000,8MP,5MP,6.71,HD+ Display,
Lava,Lava yuva star 2,6799,2.0,4,Sparkling ivory,4,128,5000,13MP,,6.75,Display,
Apple,Apple iphone 14,62990,4.6,313907,Starlight,6,256,4000,12MP + 12MP,12MP,6.1,Super Retina XDR Display,"A15 Bionic Chip, 6 Core Processor Processor"
Redmi,Redmi a3x,6999,4.1,6764,Midnight black,4,128,5000,8MP,5MP,6.71,HD+ Display,
Siavantage,Siavantage pro 4,4499,2.9,20,Yellow,2,16,2000,5MP,,3.0,Display,
Itel,Itel a80,7889,4.2,371,Glacier white,4,128,5000,50MP,,6.7,Display,
Oppo,Oppo k12x 5g,15999,4.4,21697,Breeze blue,8,256,5100,32MP + 2MP,8MP,6.67,HD Display,Dimensity 6300 Processor
Google,Google pixel 9,64999,4.5,3405,Peony,12,256,4700,50MP + 48MP,10.5MP,6.3,Display,Google Tensor G4 Processor
Realme,Realme 14t 5g,17999,4.3,1372,Obsidian black,8,128,6000,50MP + 2MP,16MP,6.67,Full HD+ Display,Dimensity 6300 Processor
Redmi,Redmi a3,8250,4.1,6877,Midnight black,6,128,5000,8MP,5MP,6.71,HD+ Display,Mediatek Helio G36 Processor
Samsung,Samsung galaxy f15 5g,16999,4.2,35087,Ash black,6,128,6000,50MP + 5MP + 2MP,13MP,6.5,Full HD+ Display,MediaTek Dimensity 6100+ Processor
Samsung,Samsung galaxy f34 5g,19999,4.2,47414,Orchid violet,6,128,6000,50MP (OIS) + 8MP + 2MP,13MP,6.5,Full HD+ Display,Exynos 1280 Processor
Oppo,Oppo k12x 5g,15999,4.4,21697,Feather pink,8,256,5100,32MP + 2MP,8MP,6.67,HD Display,Dimensity 6300 Processor
Redmi,Redmi 12 5g,12499,4.3,65014,Jade black,6,128,5000,50MP + 2MP,8MP,6.79,Full HD+ Display,Snapdragon 4 Gen 2 Processor
Realme,Realme 14t 5g,19999,4.3,1372,Surf green,8,256,6000,50MP + 2MP,16MP,6.67,Full HD+ Display,Dimensity 6300 Processor
Vivo,Vivo t2 pro 5g,23999,4.5,124986,Dune gold,8,256,4600,64MP + 2MP,16MP,6.78,Full HD+ Display,Dimensity 7200 Processor
Samsung,Samsung galaxy z flip5,99999,4.4,842,Cream,8,256,3700,12MP + 12MP,10MP,6.7,Display,Snapdragon 8 Gen 2 Processor
Oppo,Oppo reno14 5g,42999,4.5,1264,Forest green,12,512,6000,50MP + 8MP + 50MP,50MP,6.59,Display,Dimensity 8350 Processor
Tecno,Tecno pova 7 pro 5g,19999,4.4,1128,Neon cyan,8,256,6000,64MP + 8MP,13MP,6.78,Full HD+ AMOLED Display,Dimensity 7300 Ultimate Processor
Samsung,Samsung galaxy f34 5g,21999,4.2,16233,Mystic green,8,128,6000,50MP (OIS) + 8MP + 2MP,13MP,6.5,Full HD+ Display,Exynos 1280 Processor
Infinix,Infinix smart 2,7999,4.1,37001,Serene gold,3,32,3050,13MP,8MP,5.45,HD+ Display,MTK6739 64 bit Quad Core Processor
Gionee,Gionee max,5649,4.0,108952,Royal blue,2,32,5000,13MP + Digital Camera,5MP,6.1,HD+ Display,Octa Core Processor
Apple,Apple iphone 16 plus,94900,4.6,3379,Pink,8,256,4000,48MP + 12MP,12MP,6.7,Super Retina XDR Display,"A18 Chip, 6 Core Processor Processor"
Motorola,Motorola g73 5g,12999,4.0,38104,Midnight blue,8,128,5000,50MP + 8MP,16MP,6.5,Full HD+ Display,Mediatek Dimensity 930 Processor
Vivo,Vivo t2 pro 5g,23899,4.5,124986,New moon black,8,256,4600,64MP + 2MP,16MP,6.78,Full HD+ Display,Dimensity 7200 Processor
Samsung,Samsung galaxy z fold5,104999,4.6,604,Icy blue,12,256,4400,50MP + 12MP + 10MP,,6.2,Display,Snapdragon 8 Gen 2 Processor
Infinix,Infinix hot 12 pro,12999,4.0,5936,Racing black,8,128,5000,50 MP + Depth Lens,8MP,6.6,HD+ Display,Unisoc T616 Processor
Redmi,Redmi 5a,5999,4.5,78439,Grey,2,16,3000,13MP,5MP,5.0,HD Display,Qualcomm Snapdragon 425 Processor
Motorola,Motorola edge 50 pro 5g,27999,4.4,34209,Luxe lavender,8,256,4500,50MP + 13MP + 10MP,50MP,6.7,Display,7 Gen 3 Mobile Platform Processor
Motorola,Motorola g72,16999,4.1,21630,Polar blue,6,128,5000,108MP + 8MP + 2MP,16MP,6.55,Full HD+ Display,Mediatek Helio G99 Processor
Redmi,Redmi note 12,12499,4.2,34774,Sunrise gold,6,128,5000,50MP + 8MP + 2MP,13MP,6.67,Full HD+ Super AMOLED Display,Snapdragon 685 Processor
Lava,Lava blaze 2 5g,10998,4.2,1210,Glass blue,6,128,5000,50MP,,6.56,Full HD+ Display,
Poco,Poco f6 5g,23999,4.3,7880,Black,12,256,5000,50MP (OIS) + 8MP,20MP,6.67,Display,8s Gen3 Processor
Infinix,Infinix hot 10s,10999,4.3,43529,Heart of ocean,6,64,6000,48MP + 2MP + AI Lens Camera,8MP,6.82,HD+ Display,MediaTek Helio G85 Processor
Lava,Lava blaze 2,8710,4.1,355,Orange,6,128,5000,13MP,,6.5,Display,
Lava,Lava z60,6499,3.9,2410,Gold,1,16,2500,5MP,5MP,5.0,FWVGA Display,MTK6737 Processor
Itel,Itel a25 pro,5999,4.0,1875,Gradation blue,2,32,3020,5MP,2MP,5.0,HD Display,Unisoc 9832E Quad Core Processor
Lava,Lava z1s,5299,3.2,517,Blue,2,16,3100,5MP,2MP,5.0,FWVGA+ Display,Unisoc SC9863 Processor
Samsung,Samsung galaxy,11599,4.3,364334,Gold,3,64,3300,13MP,8MP,5.5,Full HD Display,Exynos 7870 Octa Core 1.6 GHz Processor
Infinix,Infinix smart 6,7499,4.3,34510,Polar black,2,64,5000,8 MP + Depth Lens,5MP,6.6,HD+ Display,Mediatek Helio A22 Processor
Infinix,Infinix s4,10999,4.3,23583,Twilight purple,4,64,4000,13MP + 2MP + 8MP,32MP,6.21,HD+ Display,Helio P22 (MTK6762) Processor
Samsung,Samsung galaxy a06,11499,4.2,183,Light blue,4,128,5000,50MP + 2MP,8MP,6.7,HD+ Display,Mediatek Helio G85 Processor
Infinix,Infinix smart 6,7499,4.3,34510,Starry purple,2,64,5000,8 MP + Depth Lens,5MP,6.6,HD+ Display,Mediatek Helio A22 Processor
Poco,Poco m5,14499,4.2,21508,Yellow,6,128,5000,50MP + 2MP Depth Sensor + 2MP Macro Sensor,8MP,6.58,Full HD+ Display,Mediatek Helio G99 Processor
Infinix,Infinix smart 6,7499,4.3,34510,Heart of ocean,2,64,5000,8 MP + Depth Lens,5MP,6.6,HD+ Display,Mediatek Helio A22 Processor
Infinix,Infinix smart 6,7499,4.3,34510,Light sea green,2,64,5000,8 MP + Depth Lens,5MP,6.6,HD+ Display,Mediatek Helio A22 Processor
Xolo,Xolo era 1x -4g,5149,3.7,49842,Black and gun metal,1,8,2500,8MP,5MP,5.0,HD Display,Spreadtrum SC9832A Quad Core 1.3GHz Processor
Panasonic,Panasonic eluga ray 700,13990,3.6,35556,Marine blue,3,32,5000,13MP,13MP,5.5,Full HD Display,Mediatek MTK6753 Octa Core 1.3GHz Processor
Infinix,Infinix hot 10,11999,4.4,86178,Ocean wave,4,64,5200,16MP + 2MP + 2MP + Low Light Sensor,8MP,6.78,HD+ Display,MediaTek Helio G70 Processor
Redmi,Redmi note 12,12499,4.2,34774,Ice blue,6,128,5000,50MP + 8MP + 2MP,13MP,6.67,Full HD+ Super AMOLED Display,Snapdragon 685 Processor
Lenovo,Lenovo phab 2,12000,4.0,42054,Champagne gold,3,32,4050,13MP,5MP,6.4,HD Display,MTK8735 Processor
Infinix,Infinix hot 10,11999,4.4,86178,Moonlight jade,4,64,5200,16MP + 2MP + 2MP + Low Light Sensor,8MP,6.78,HD+ Display,MediaTek Helio G70 Processor
Infinix,Infinix hot 10,13999,4.3,90481,Ocean wave,6,128,5200,16MP + 2MP + 2MP + Low Light Sensor,8MP,6.78,HD+ Display,MediaTek Helio G70 Processor
Lenovo,Lenovo phab 2,12000,4.0,42054,Gunmetal gray,3,32,4050,13MP,5MP,6.4,HD Display,MTK8735 Processor
Infinix,Infinix hot 10,13999,4.3,90481,Moonlight jade,6,128,5200,16MP + 2MP + 2MP + Low Light Sensor,8MP,6.78,HD+ Display,MediaTek Helio G70 Processor
Infinix,Infinix hot 10,11999,4.4,86178,Amber red,4,64,5200,16MP + 2MP + 2MP + Low Light Sensor,8MP,6.78,HD+ Display,MediaTek Helio G70 Processor
Lg,Lg q6,19990,3.9,1129,Black,4,64,3000,13MP,5MP,5.5,Full HD+ Display,Qualcomm Snapdragon 435 1.4 GHz Octacore Processor
Realme,Realme 15 pro 5g,33999,4.4,1484,Velvet green,8,256,7000,50MP + 50MP,50MP,6.8,Display,Snapdragon 7 Gen 4 Processor
Tecno,Tecno pova 6 neo 5g,13999,4.1,551,Azure sky,8,256,5000,108MP,8MP,6.67,Display,Dimensity 6300 5G Processor
Iqoo,Iqoo z10 lite 5g,13298,4.1,171,Cyber green,8,256,6000,50MP,,6.74,Display,
Iqoo,Iqoo z10 lite 5g,13399,4.1,171,Titanium blue,8,256,6000,50MP,,6.74,Display,
Samsung,Samsung galaxy s24+ 5g,52999,4.5,11498,Cobalt violet,12,256,4900,50MP + 10MP + 12MP,12MP,6.7,Quad HD+ Display,Exynos 2400 Processor
Iqoo,Iqoo z10x 5g,14996,4.3,1617,Ultramarine,8,128,6500,50MP,,6.7,Display,
Iqoo,Iqoo z10 5g,21208,4.4,2571,Stellar black / black,8,128,7300,50MP,,6.7,Display,
Vivo,Vivo v25 5g,16998,4.3,9038,Sunrise gold,8,128,4500,64MP + 8MP + 2MP,50MP,6.44,Full HD+ Display,Dimensity 900 Processor
Realme,Realme p3 ultra 5g,27999,4.4,6898,Neptune blue,8,256,6000,50MP + 8MP,16MP,6.83,Display,Dimensity 8350 Ultra Processor
Realme,Realme p3 ultra 5g,27999,4.4,6898,Glowing lunar white,8,256,6000,50MP + 8MP,16MP,6.83,Display,Dimensity 8350 Ultra Processor
Realme,Realme narzo 80 lite 4g,7388,4.5,54,Beach gold,4,64,6300,13MP,,6.74,HD+ Display,
Infinix,Infinix gt 30 pro 5g,26999,4.4,800,Dark flare,12,256,5500,108MP + 8MP,13MP,6.78,Display,Dimensity 8350 Ultimate Processor
Infinix,Infinix gt 30 pro 5g,24999,4.4,1107,Dark flare,8,256,5500,108MP + 8MP,13MP,6.78,Display,Dimensity 8350 Ultimate Processor
Poco,Poco f7 5g,33999,4.4,7483,Cyber silver edition,12,512,7550,50MP,20MP,6.83,Display,8s Gen 4 Processor
Iqoo,Iqoo z10 lite 5g,10387,4.2,277,Titanium blue,4,128,6000,50MP,,6.74,Display,
Poco,Poco x7 5g,16999,4.3,15130,Yellow,8,128,5500,50MP + 8MP + 2MP,20MP,6.67,Display,Dimensity 7300 Ultra Processor
Motorola,Motorola edge 60 pro,32999,4.3,6345,Pantone dazzling blue,12,256,6000,50MP + 50MP + 10MP,50MP,6.7,Display,Dimensity 8350 Processor
Realme,Realme 14x 5g,15999,4.3,6690,Jewel red,8,128,6000,50MP,8MP,6.67,HD+ Display,Dimensity 6300 Processor
Infinix,Infinix note 50x 5g,12999,4.3,3164,Sea breeze green,8,128,5500,50MP + AI Lens,8MP,6.67,HD+ Display,Dimensity 7300 Ultimate Processor
Realme,Realme 14x 5g,14999,4.3,11552,Crystal black,6,128,6000,50MP,8MP,6.67,HD+ Display,Dimensity 6300 Processor
Samsung,Samsung galaxy f36 5g,18999,4.1,602,Black,8,128,5000,50MP + 8MP + 2MP,13MP,6.7,Full HD+ Display,Samsung Exynos 1380 Processor
Realme,Realme 15 5g,30999,4.5,75,Flowing silver,12,256,7000,50MP + 8MP,50MP,6.8,Display,Mediatek Dimensity 7300+ 5G Processor
Nothing,Nothing phone  pro,29999,4.5,6494,3a) pro (black,8,128,5000,50MP (Main) + 50MP (3X Periscope)+ 8MP (Ultra-Wide),50MP,6.77,Full HD+ Display,7s Gen3 Processor
Motorola,Motorola g45 5g,10999,4.3,49142,Brilliant blue,4,128,5000,50MP + 2MP,16MP,6.5,HD+ Display,Snapdragon 6s Gen 3 Processor
Apple,Apple iphone 16 plus,84900,4.6,3379,Ultramarine,8,128,4000,48MP + 12MP,12MP,6.7,Super Retina XDR Display,"A18 Chip, 6 Core Processor Processor"
Apple,Apple iphone 16 plus,84900,4.6,3379,Pink,8,128,4000,48MP + 12MP,12MP,6.7,Super Retina XDR Display,"A18 Chip, 6 Core Processor Processor"
Poco,Poco c71,6399,3.9,25608,Desert gold,4,64,5200,32MP,8MP,6.88,HD+ Display,"Unisoc T7250
Max clock speed: 
2 x A75@1.8GHz
6 x A55@1.6GHz Processor"
Apple,Apple iphone 16 pro,105900,4.6,2793,Desert titanium,8,128,4000,48MP + 48MP + 12MP,12MP,6.3,Super Retina XDR Display,"A18 Pro Chip, 6 Core Processor Processor"
Iqoo,Iqoo neo 10,35989,4.5,153,Titanium chrome,12,256,7000,50MP + 50MP + 8MP,32MP + 32MP,6.78,Full HD+ E3 Super AMOLED Display,Qualcomm Processor
Oneplus,Oneplus 13r 5g,38803,4.5,2612,Astral trail,12,256,6000,50MP,,6.78,Display,
Realme,Realme 15 5g,25999,4.4,1667,Silk pink,8,128,7000,50MP + 8MP,50MP,6.8,Display,Mediatek Dimensity 7300+ 5G Processor
Realme,Realme narzo 80 lite 5g,11840,4.6,11,Crystal purple,4,128,6000,50MP,,6.67,Display,
Samsung,Samsung galaxy f36 5g,17499,4.3,1100,Violet,6,128,5000,50MP + 8MP + 2MP,13MP,6.7,Full HD+ Display,Samsung Exynos 1380 Processor
Motorola,Motorola g64 5g,15999,4.2,86184,Pearl blue,12,256,6000,50MP (OIS) + 8MP,16MP,6.5,Full HD+ Display,Dimensity 7025 Processor
Redmi,Redmi 13 5g,12148,4.2,43634,Orchid pink,6,128,5030,108MP,,6.79,Full HD+ Display,Qualcomm SM4450 Snapdragon 4 Gen 2 AE (4 nm) Processor
Iqoo,Iqoo neo 10,33979,4.6,290,Titanium chrome,8,256,7000,50MP + 50MP + 8MP,32MP + 32MP,6.78,Full HD+ E3 Super AMOLED Display,Qualcomm Processor
Oneplus,Oneplus 13r 5g,39404,4.5,2612,Nebula noir,12,256,6000,50MP,,6.78,Display,
Motorola,Motorola g64 5g,15999,4.2,86184,Mint green,12,256,6000,50MP (OIS) + 8MP,16MP,6.5,Full HD+ Display,Dimensity 7025 Processor
Infinix,Infinix note 50x 5g,12999,4.3,3164,Enchanted purple,8,128,5500,50MP + AI Lens,8MP,6.67,HD+ Display,Dimensity 7300 Ultimate Processor
Poco,Poco x7 pro 5g,23999,4.3,8776,Obsidian black,8,256,6550,50MP + 8MP,20MP,6.67,Display,Dimensity D8400 Ultra Processor
Tecno,Tecno pova 7 5g,15999,4.5,2333,Magic silver,8,256,6000,50MP + AI,13MP,6.78,Full HD+ Display,Dimensity 7300 Ultimate Processor
Iqoo,Iqoo z10r 5g,19745,4.3,286,Aquamarine,8,128,5700,50MP,,6.77,Display,
Apple,Apple iphone 16,84900,4.6,19106,White,8,256,4000,48MP + 12MP,12MP,6.1,Super Retina XDR Display,"A18 Chip, 6 Core Processor Processor"
Oneplus,Oneplus 13r 5g,45927,4.5,1200,Nebula noir,16,512,6000,50MP,,6.78,Display,
Apple,Apple iphone 15,64900,4.6,263799,Black,6,128,4000,48MP + 12MP,12MP,6.1,Super Retina XDR Display,"A16 Bionic Chip, 6 Core Processor Processor"
Realme,Realme narzo 80x 5g,12299,4.2,827,Deep ocean,6,128,6000,50MP,,6.72,Display,
Redmi,Redmi note 14 se 5g,14999,4.1,1878,Titan black,6,128,5110,50MP + 8MP + 2MP,20MP,6.67,Full HD+ Display,Dimensity 7025 Ultra Processor
Poco,Poco m7 pro 5g,12999,4.3,18754,Lunar dust,6,128,5110,50MP + 2MP,20MP,6.67,Full HD+ Display,Dimensity 7025 Ultra Processor
Motorola,Motorola g85 5g,17999,4.4,80305,Olive green,12,256,5000,50MP + 8MP,32MP,6.67,Full HD+ Display,6s Gen 3 Processor
Motorola,Motorola edge 50 neo,19999,4.4,29534,Pantone nautical blue,8,256,4310,50MP + 13MP + 10MP,32MP,6.4,Super HD Display,Dimensity 7300 Processor
Vivo,Vivo t3 5g,18999,4.4,132849,Cosmic blue,8,256,5000,50MP + 2MP,16MP,6.67,Full HD+ Display,Dimensity 7200 Processor
Apple,Apple iphone 16 pro max,137900,4.6,1259,Desert titanium,8,256,4000,48MP + 48MP + 12MP,12MP,6.9,Super Retina XDR Display,"A18 Pro Chip, 6 Core Processor Processor"
Apple,Apple iphone 16e,64900,4.6,1487,Black,8,256,4000,48MP,12MP,6.1,Super Retina XDR Display,"A18 Chip, 6 Core Processor"
Nothing,Nothing phone  pro,33999,4.5,3387,3a) pro (grey,12,256,5000,50MP (Main) + 50MP (3X Periscope)+ 8MP (Ultra-Wide),50MP,6.77,Full HD+ Display,7s Gen3 Processor
Redmi,Redmi a5,6499,4.2,2743,Jaisalmer gold,3,64,5200,32MP,8MP,6.88,HD+ Display,T7250 Processor
Redmi,Redmi a5,6499,4.2,2743,Just black,3,64,5200,32MP,8MP,6.88,HD+ Display,T7250 Processor
Motorola,Motorola g64 5g,13999,4.3,61013,Mint green,8,128,6000,50MP (OIS) + 8MP,16MP,6.5,Full HD+ Display,Dimensity 7025 Processor
Google,Google pixel 9a,49999,4.4,1977,Obsidian,8,256,5100,48MP + 12MP,12MP,6.285,Full HD+ Display,Tensor G4 Processor
Infinix,Infinix note 50x 5g,11499,4.3,11008,Titanium grey,6,128,5500,50MP + AI Lens,8MP,6.67,HD+ Display,Dimensity 7300 Ultimate Processor
Infinix,Infinix note 50x 5g,11499,4.3,11008,Sea breeze green,6,128,5500,50MP + AI Lens,8MP,6.67,HD+ Display,Dimensity 7300 Ultimate Processor
Infinix,Infinix note 50x 5g,11499,4.3,11008,Enchanted purple,6,128,5500,50MP + AI Lens,8MP,6.67,HD+ Display,Dimensity 7300 Ultimate Processor
Iqoo,Iqoo z10r 5g,22348,4.3,286,Aquamarine,8,256,5700,50MP,,6.77,Display,
Samsung,Samsung galaxy a06,7599,4.2,183,Black,4,64,5000,50MP + 2MP,8MP,6.7,HD+ Display,Mediatek Helio G85 Processor
Oneplus,Oneplus nord ce5 5g,28563,4.6,48,Black infinity,12,256,7100,50MP,,6.77,Display,
Oneplus,Oneplus 13r 5g,45989,4.5,1200,Astral trail,16,512,6000,50MP,,6.78,Display,
Motorola,Motorola edge 50 fusion,18999,4.4,131605,Hot pink,8,128,5000,50MP + 13MP,32MP,6.7,Full HD+ Display,7s Gen 2 Processor
Vivo,Vivo t3 5g,18999,4.4,132849,Crystal flake,8,256,5000,50MP + 2MP,16MP,6.67,Full HD+ Display,Dimensity 7200 Processor
Vivo,Vivo t3 5g,17499,4.4,132849,Cosmic blue,8,128,5000,50MP + 2MP,16MP,6.67,Full HD+ Display,Dimensity 7200 Processor
Iqoo,Iqoo z10r 5g,25490,4.5,8,Aquamarine,12,256,5700,50MP,,6.77,Display,
Samsung,Samsung galaxy f16 5g,11499,4.1,3244,Bling black,4,128,5000,50MP + 5MP + 2MP,13MP,6.657,Full HD+ Display,Dimensity 6300 Processor
Iqoo,Iqoo neo 10,33791,4.6,290,Titanium chrome,8,128,7000,50MP + 50MP + 8MP,32MP + 32MP,6.78,Full HD+ E3 Super AMOLED Display,Qualcomm Processor
Poco,Poco m7 pro 5g,14999,4.2,7492,Lavender frost,8,256,5110,50MP + 2MP,20MP,6.67,Full HD+ Display,Dimensity 7025 Ultra Processor
Nothing,Nothing phone  plus,22999,4.4,5946,2a) plus (grey,12,256,5000,50MP + 50MP,50MP,6.7,Full HD+ Display,Dimensity 7350 Pro 5G Processor
Realme,Realme 15 pro 5g,35999,4.3,763,Flowing silver,12,256,7000,50MP + 50MP,50MP,6.8,Display,Snapdragon 7 Gen 4 Processor
Apple,Apple iphone 16 pro,105900,4.6,2793,Black titanium,8,128,4000,48MP + 48MP + 12MP,12MP,6.3,Super Retina XDR Display,"A18 Pro Chip, 6 Core Processor Processor"
Redmi,Redmi 13 5g,12372,4.2,43634,Hawaiian blue,6,128,5030,108MP,,6.79,Full HD+ Display,Qualcomm SM4450 Snapdragon 4 Gen 2 AE (4 nm) Processor
Redmi,Redmi a5,7499,4.2,2182,Pondicherry blue,4,128,5200,32MP,8MP,6.88,HD+ Display,T7250 Processor
Poco,Poco f7 5g,33999,4.4,7483,Frost white,12,512,7550,50MP,20MP,6.83,Display,8s Gen 4 Processor
Samsung,Samsung galaxy s25 5g,74999,4.6,2149,Navy,12,256,4000,50MP + 10MP + 12MP,12MP,6.2,Full HD+ Display,8 Elite for Galaxy Processor
Google,Google pixel 9,64999,4.5,3405,Porcelain,12,256,4700,50MP + 48MP,10.5MP,6.3,Display,Google Tensor G4 Processor
Samsung,Samsung galaxy a16 5g,15999,4.2,2650,Light green,6,128,5000,50MP + 5MP + 2MP,13MP,6.7,Full HD+ Display,Dimensity 6300 Processor
Samsung,Samsung galaxy a16 5g,15999,4.2,2650,Gold,6,128,5000,50MP + 5MP + 2MP,13MP,6.7,Full HD+ Display,Dimensity 6300 Processor
Iqoo,Iqoo neo 10,32000,4.6,290,Inferno red,8,128,7000,50MP + 50MP + 8MP,32MP + 32MP,6.78,Full HD+ E3 Super AMOLED Display,Qualcomm sd Processor
Apple,Apple iphone 16 plus,84900,4.6,3379,White,8,128,4000,48MP + 12MP,12MP,6.7,Super Retina XDR Display,"A18 Chip, 6 Core Processor Processor"
Realme,Realme c75 5g,13999,4.4,1108,Midnight lily,6,128,6000,32MP,8MP,6.67,HD+ Display,Dimensity 6300 Processor
Oneplus,Oneplus nord ce5 5g,25963,4.4,954,Marble mist,8,256,7100,50MP,,6.77,Display,
Motorola,Motorola g34 5g,11999,4.2,147149,Ice blue,8,128,5000,50MP + 2MP,16MP,6.5,HD+ Display,Snapdragon 695 5G Processor
Iqoo,Iqoo z10 lite 5g,11385,4.2,514,Cyber green,6,128,6000,50MP,,6.74,Display,
Vivo,Vivo v60 5g,45999,4.3,9,Mist gray,16,512,6500,50MP + 8MP + 50MP,50MP,6.77,Display,7 Gen 4 Processor
Samsung,Samsung galaxy s24 5g,46999,4.6,7527,Amber yellow,8,128,4000,50MP + 10MP + 12MP,12MP,6.2,Full HD+ Display,Exynos 2400 Processor
Google,Google pixel 9a,49999,4.4,1977,Porcelain,8,256,5100,48MP + 12MP,12MP,6.285,Full HD+ Display,Tensor G4 Processor
Vivo,Vivo t3 5g,17499,4.4,132849,Crystal flake,8,128,5000,50MP + 2MP,16MP,6.67,Full HD+ Display,Dimensity 7200 Processor
Vivo,Vivo v60 5g,38999,4.6,75,Auspicious gold,8,256,6500,50MP + 8MP + 50MP,50MP,6.77,Display,7 Gen 4 Processor
Motorola,Motorola edge 50 fusion,18999,4.4,131605,Marshmallow blue,8,128,5000,50MP + 13MP,32MP,6.7,Full HD+ Display,7s Gen 2 Processor
Realme,Realme 15 pro 5g,38999,4.3,763,Flowing silver,12,512,7000,50MP + 50MP,50MP,6.8,Display,Snapdragon 7 Gen 4 Processor
Redmi,Redmi a4,10331,4.5,41,Starry black,6,128,5160,50MP + 50MP,5MP,6.88,Display,Snapdragon 4s Gen 2 5G Processor Processor
Redmi,Redmi a5,7499,4.2,2182,Jaisalmer gold,4,128,5200,32MP,8MP,6.88,HD+ Display,T7250 Processor
Redmi,Redmi a5,7499,4.2,2182,Just black,4,128,5200,32MP,8MP,6.88,HD+ Display,T7250 Processor
Redmi,Redmi 13 5g,12499,4.2,43634,Orchid pink,6,128,5030,108MP + 2MP,13MP,6.79,Full HD+ Display,4 Gen 2 AE Processor
Poco,Poco x7 5g,16999,4.3,15130,Glacier green,8,128,5500,50MP + 8MP + 2MP,20MP,6.67,Display,Dimensity 7300 Ultra Processor
Apple,Apple iphone 16 plus,84900,4.6,3379,Teal,8,128,4000,48MP + 12MP,12MP,6.7,Super Retina XDR Display,"A18 Chip, 6 Core Processor Processor"
Realme,Realme 15 pro 5g,33999,4.4,1484,Flowing silver,8,256,7000,50MP + 50MP,50MP,6.8,Display,Snapdragon 7 Gen 4 Processor
Google,Google pixel 8a,37999,4.3,7497,Obsidian,8,128,4404,64MP + 13MP,13MP,6.1,Full HD+ Display,Tensor G3 Processor
Realme,Realme p1 speed 5g,16978,4.3,1227,Brushed blue,12,256,5000,50MP + 2MP,16MP,6.67,Full HD+ Display,Dimensity 7300 Energy Processor
Redmi,Redmi note 14 se 5g,14999,4.1,1878,Crimson art,6,128,5110,50MP + 8MP + 2MP,20MP,6.67,Full HD+ Display,Dimensity 7025 Ultra Processor
Poco,Poco x7 pro 5g,23999,4.3,8776,Yellow,8,256,6550,50MP + 8MP,20MP,6.67,Display,Dimensity D8400 Ultra Processor
Vivo,Vivo v60 5g,40999,4.5,77,Mist gray,12,256,6500,50MP + 8MP + 50MP,50MP,6.77,Display,7 Gen 4 Processor
Oneplus,Oneplus nord ce5 5g,23999,4.4,954,Nexus blue,8,128,7100,50MP,,6.77,Display,
Iqoo,Iqoo z10 5g,21140,4.4,2571,Glacier silver / silver,8,128,7300,50MP,,6.7,Display,
Apple,Apple iphone 15,64900,4.6,263799,Blue,6,128,4000,48MP + 12MP,12MP,6.1,Super Retina XDR Display,"A16 Bionic Chip, 6 Core Processor Processor"
Poco,Poco m7 pro 5g,14999,4.2,7492,Lunar dust,8,256,5110,50MP + 2MP,20MP,6.67,Full HD+ Display,Dimensity 7025 Ultra Processor
Realme,Realme 12+ 5g,14999,4.3,20209,Pioneer green,8,128,5000,50MP + 8MP + 2MP,16MP,6.67,Full HD+ Display,Dimensity 7050 Processor
Apple,Apple iphone 16 plus,94900,4.6,3379,Black,8,256,4000,48MP + 12MP,12MP,6.7,Super Retina XDR Display,"A18 Chip, 6 Core Processor Processor"
Redmi,Redmi note 14 5g,15890,4.3,2197,Mystique white,6,128,5110,50MP,,6.67,Display,
Ai+,Ai,6999,3.9,577,Purple,6,128,5000,50MP,5MP,6.745,HD+ Display,T615 Processor
Iqoo,Iqoo z10r 5g,25350,4.5,8,Moonstone,12,256,5700,50MP,,6.77,Display,
Motorola,Motorola g85 5g,17999,4.4,80305,Cobalt blue,12,256,5000,50MP + 8MP,32MP,6.67,Full HD+ Display,6s Gen 3 Processor
Redmi,Redmi a3,7680,4.2,1934,Midnight black,4,128,5000,8MP,5MP,6.71,HD+ Display,Mediatek Helio G36 Processor
Infinix,Infinix note 50x 5g,12999,4.3,3164,Titanium grey,8,128,5500,50MP + AI Lens,8MP,6.67,HD+ Display,Dimensity 7300 Ultimate Processor
Poco,Poco f7 5g,33999,4.4,7483,Phantom black,12,512,7550,50MP,20MP,6.83,Display,8s Gen 4 Processor
Motorola,Motorola e40,5999,4.2,90816,Carbon gray,4,64,5000,48MP + 2MP + 2MP,8MP,6.5,HD+ Display,UNISOC T700 Processor
Realme,Realme c75 5g,13999,4.4,1108,Lily white,6,128,6000,32MP,8MP,6.67,HD+ Display,Dimensity 6300 Processor
Realme,Realme c75 5g,12999,4.3,664,Purple blossom,4,128,6000,32MP,8MP,6.67,HD+ Display,Dimensity 6300 Processor
Samsung,Samsung galaxy m35 5g,17999,4.4,25891,Daybreak blue,6,128,6000,50MP,,6.6,Display,
Samsung,Samsung galaxy m16 5g,11869,4.1,235,Thunder black,4,128,5000,50MP,,6.7,Display,
Realme,Realme 15 5g,25999,4.4,1667,Velvet green,8,128,7000,50MP + 8MP,50MP,6.8,Display,Mediatek Dimensity 7300+ 5G Processor
Realme,Realme 15 5g,27999,4.4,1667,Velvet green,8,256,7000,50MP + 8MP,50MP,6.8,Display,Mediatek Dimensity 7300+ 5G Processor
Realme,Realme 15 5g,27999,4.4,1667,Flowing silver,8,256,7000,50MP + 8MP,50MP,6.8,Display,Mediatek Dimensity 7300+ 5G Processor
Realme,Realme 15 5g,27999,4.4,1667,Silk pink,8,256,7000,50MP + 8MP,50MP,6.8,Display,Mediatek Dimensity 7300+ 5G Processor
Iqoo,Iqoo neo 10,33890,4.6,290,Inferno red,8,256,7000,50MP + 50MP + 8MP,32MP + 32MP,6.78,Full HD+ E3 Super AMOLED Display,Qualcomm Processor
Google,Google pixel 8a,37999,4.3,7497,Bay,8,128,4404,64MP + 13MP,13MP,6.1,Full HD+ Display,Tensor G3 Processor
Poco,Poco c71,5899,3.9,25608,Power black,4,64,5200,32MP,8MP,6.88,HD+ Display,"Unisoc T7250
Max clock speed: 
2 x A75@1.8GHz
6 x A55@1.6GHz Processor"
Oneplus,Oneplus nord ce4,24375,4.4,24240,Dark chrome,8,256,5500,50MP,,6.7,Display,OxygenOS 14.0 Processor
Oppo,Oppo f29 5g,21999,4.4,1923,Glacier blue,8,128,6500,50MP + 2MP,16MP,6.7,Full HD+ Display,6 Gen 1 Processor
Oneplus,Oneplus nord ce4,21434,4.4,24240,Dark chrome,8,128,5500,50MP,,6.7,Display,OxygenOS 14.0 Processor
Infinix,Infinix smart 10,6799,4.2,107,Sleek black,4,64,5000,8MP,8MP,6.67,HD+ Display,UniSoc T7250 Processor
Infinix,Infinix smart 10,6799,4.2,107,Titanium silver,4,64,5000,8MP,8MP,6.67,HD+ Display,UniSoc T7250 Processor
Apple,Apple iphone 16 plus,94900,4.6,3379,White,8,256,4000,48MP + 12MP,12MP,6.7,Super Retina XDR Display,"A18 Chip, 6 Core Processor Processor"
Motorola,Motorola g45 5g,10999,4.3,49142,Viva magenta,4,128,5000,50MP + 2MP,16MP,6.5,HD+ Display,Snapdragon 6s Gen 3 Processor
Vivo,Vivo t3 pro 5g,22999,4.5,86079,Emerald green,8,128,5500,50MP + 8MP,16MP,6.77,Full HD+ AMOLED Display,Snapdragon 7 Gen 3 Processor
Iqoo,Iqoo z10r 5g,22399,4.3,286,Moonstone,8,256,5700,50MP,,6.77,Display,
Iqoo,Iqoo z10r 5g,19678,4.3,286,Moonstone,8,128,5700,50MP,,6.77,Display,
Redmi,Redmi note 14 5g,15970,4.3,2197,Ivy green,6,128,5110,50MP,,6.67,Display,
Samsung,Samsung galaxy f36 5g,17499,4.3,1100,Red,6,128,5000,50MP + 8MP + 2MP,13MP,6.7,Full HD+ Display,Samsung Exynos 1380 Processor
Tecno,Tecno pova 7 pro 5g,18999,4.4,1128,Neon cyan,8,128,6000,64MP + 8MP,13MP,6.78,Full HD+ AMOLED Display,Dimensity 7300 Ultimate Processor
Tecno,Tecno pova 7 pro 5g,18999,4.4,1128,Geek black,8,128,6000,64MP + 8MP,13MP,6.78,Full HD+ AMOLED Display,Dimensity 7300 Ultimate Processor
Vivo,Vivo x200 fe,54999,4.6,728,Amber yellow,12,256,6500,50MP + 8MP + 50MP,50MP,6.31,Display,Dimensity 9300+ Processor
Vivo,Vivo x200 fe,54999,4.6,728,Luxe grey,12,256,6500,50MP + 8MP + 50MP,50MP,6.31,Display,Dimensity 9300+ Processor
Vivo,Vivo x200 fe,54999,4.6,728,Frost blue,12,256,6500,50MP + 8MP + 50MP,50MP,6.31,Display,Dimensity 9300+ Processor
Apple,Apple iphone 16 pro max,157900,4.6,1259,White titanium,8,512,4000,48MP + 48MP + 12MP,12MP,6.9,Super Retina XDR Display,"A18 Pro Chip, 6 Core Processor Processor"
Infinix,Infinix smart 9,6699,4.2,3552,Mint green,3,64,5000,13MP,8MP,6.7,HD+ Display,Mediatek Helio G50 Processor
Realme,Realme 15 pro 5g,31999,4.4,1484,Velvet green,8,128,7000,50MP + 50MP,50MP,6.8,Display,Snapdragon 7 Gen 4 Processor
Realme,Realme 15 5g,25999,4.4,1667,Flowing silver,8,128,7000,50MP + 8MP,50MP,6.8,Display,Mediatek Dimensity 7300+ 5G Processor
Samsung,Samsung galaxy m16 5g,13025,4.3,583,Mint green,6,128,5000,50MP,,6.7,Display,
Oppo,Oppo a3x 5g,10999,4.2,3385,Starlight white,4,64,5100,8MP,5MP,6.67,HD+ Display,Dimensity 6300 Processor
Oppo,Oppo a3x 5g,10999,4.2,3385,Sparkle black,4,64,5100,8MP,5MP,6.67,HD+ Display,Dimensity 6300 Processor
Oppo,Oppo reno14 5g,39999,4.5,1264,Pearl white,12,256,6000,50MP + 8MP + 50MP,50MP,6.59,Display,Dimensity 8350 Processor
Poco,Poco x7 5g,18999,4.3,15130,Yellow,8,256,5500,50MP + 8MP + 2MP,20MP,6.67,Display,Dimensity 7300 Ultra Processor
Vivo,Vivo t3 pro 5g,24999,4.5,86079,Emerald green,8,256,5500,50MP + 8MP,16MP,6.77,Full HD+ AMOLED Display,Snapdragon 7 Gen 3 Processor
Realme,Realme p3 pro 5g,24999,4.4,6788,Saturn brown,8,256,6000,50MP + 2MP,16MP,6.83,Display,7s Gen 3 Mobile Platform Processor
Redmi,Redmi note 14 5g,16580,4.3,2197,Titan black,6,128,5110,50MP,,6.67,Display,
Motorola,Motorola g64 5g,13999,4.3,61013,Ice lilac,8,128,6000,50MP (OIS) + 8MP,16MP,6.5,Full HD+ Display,Dimensity 7025 Processor
Vivo,Vivo t3 pro 5g,22999,4.5,86079,Sandstone orange,8,128,5500,50MP + 8MP,16MP,6.77,Full HD+ AMOLED Display,Snapdragon 7 Gen 3 Processor
Apple,Apple iphone 15 plus,79999,4.6,46077,Pink,6,256,4000,48MP + 12MP,12MP,6.7,Super Retina XDR Display,"A16 Bionic Chip, 6 Core Processor Processor"
Realme,Realme narzo 80x 5g,13058,4.2,753,Deep ocean,8,128,6000,50MP,,6.72,Display,
Tecno,Tecno pova 7 pro 5g,19999,4.4,1128,Dynamic grey,8,256,6000,64MP + 8MP,13MP,6.78,Full HD+ AMOLED Display,Dimensity 7300 Ultimate Processor
Itel,Itel p 55 5g,9108,4.1,741,Mint green,6,128,5000,50MP + 5MP,8MP,6.6,HD+ Display,Mediatek Dimensity 6080 Processor
Realme,Realme narzo 80 lite 4g,8380,4.3,30,Beach gold,6,128,6300,13MP,,6.74,HD+ Display,
Samsung,Samsung galaxy a15 5g,16990,4.3,4130,Blue black,8,128,5000,50MP + 5MP + 2MP,13MP,6.5,Full HD+ Display,Dimensity 6100+ Processor
Ai+,Ai,6999,3.9,577,Blue,6,128,5000,50MP,5MP,6.745,HD+ Display,T615 Processor
Vivo,Vivo x200 fe,59999,4.6,211,Luxe grey,16,512,6500,50MP + 8MP + 50MP,50MP,6.31,Display,Dimensity 9300+ Processor
Vivo,Vivo x200 fe,59999,4.6,211,Frost blue,16,512,6500,50MP + 8MP + 50MP,50MP,6.31,Display,Dimensity 9300+ Processor
Samsung,Samsung m36 5g,16440,4.1,71,Light green,6,128,5000,50MP,,6.7,Display,
Ai+,Ai+ nova 5g,8499,4.0,3469,Black,6,128,5000,50MP,5MP,6.745,HD+ Display,T8200 Processor
Realme,Realme 15 pro 5g,35999,4.3,763,Velvet green,12,256,7000,50MP + 50MP,50MP,6.8,Display,Snapdragon 7 Gen 4 Processor
Motorola,Motorola edge 50 pro 5g,27999,4.4,65999,Caneel bay,12,256,4500,50MP + 13MP + 10MP,50MP,6.7,Display,7 Gen 3 Mobile Platform Processor
Samsung,Samsung galaxy s24 ultra 5g,81298,4.6,4716,Titanium violet,12,256,5000,200MP + 50MP + 12MP + 10MP,12MP,6.8,Quad HD+ Display,Snapdragon 8 Gen 3 Processor
Vivo,Vivo t3 pro 5g,24999,4.5,86079,Sandstone orange,8,256,5500,50MP + 8MP,16MP,6.77,Full HD+ AMOLED Display,Snapdragon 7 Gen 3 Processor
Oppo,Oppo a3x 5g,11999,4.2,3385,Starlight white,4,128,5100,8MP,5MP,6.67,HD+ Display,Dimensity 6300 Processor
Realme,Realme c63 5g,10999,4.5,23389,Starry gold,6,128,5000,32MP,8MP,6.67,HD+ Display,Dimensity 6300 Processor
Poco,Poco x7 pro 5g,25999,4.4,4889,Obsidian black,12,256,6550,50MP + 8MP,20MP,6.67,Display,Dimensity D8400 Ultra Processor
Infinix,Infinix smart 9,6699,4.2,3552,Metallic black,3,64,5000,13MP,8MP,6.7,HD+ Display,Mediatek Helio G50 Processor
Samsung,Samsung galaxy a06 5g,9499,4.0,1050,Black,4,64,5000,50MP + 2MP,8MP,6.7,HD+ Display,Dimensity 6300 Processor
Realme,Realme c75 5g,13999,4.4,1108,Purple blossom,6,128,6000,32MP,8MP,6.67,HD+ Display,Dimensity 6300 Processor
Infinix,Infinix smart 10,6799,4.2,107,Twilight gold,4,64,5000,8MP,8MP,6.67,HD+ Display,UniSoc T7250 Processor
Samsung,Samsung galaxy s24 5g,46999,4.6,7527,Cobalt violet,8,128,4000,50MP + 10MP + 12MP,12MP,6.2,Full HD+ Display,Exynos 2400 Processor
Oppo,Oppo k12x 5g,15999,4.4,21697,Midnight violet,8,256,5100,32MP + 2MP,8MP,6.67,HD Display,Dimensity 6300 Processor
Realme,Realme p1 speed 5g,14950,4.3,2798,Brushed blue,8,128,5000,50MP + 2MP,16MP,6.67,Full HD+ Display,Dimensity 7300 Energy Processor
Realme,Realme c73 5g,11499,4.3,724,Crystal purple,4,128,6000,32MP,8MP,6.67,HD+ Display,Dimensity 6300 Processor
Realme,Realme c73 5g,11499,4.3,724,Onyx black,4,128,6000,32MP,8MP,6.67,HD+ Display,Dimensity 6300 Processor
Oppo,Oppo reno14 5g,37999,4.4,1838,Pearl white,8,256,6000,50MP + 8MP + 50MP,50MP,6.59,Display,Dimensity 8350 Processor
Realme,Realme p3 pro 5g,23999,4.4,6788,Galaxy purple,8,128,6000,50MP + 2MP,16MP,6.83,Display,7s Gen 3 Mobile Platform Processor
Motorola,Motorola razr 60,49999,4.5,420,Pantone spring bud,8,256,4500,50MP + 13MP,32MP,6.9,Full HD+ Display,Dimensity 7400X Processor
Realme,Realme p1 speed 5g,17990,4.3,2798,Brushed blue,8,256,5000,50MP + 2MP,16MP,6.67,Full HD+ Display,Dimensity 7300 Energy Processor
Poco,Poco f7 5g,31999,4.4,7483,Frost white,12,256,7550,50MP,20MP,6.83,Display,8s Gen 4 Processor
Motorola,Motorola edge 50,20999,4.3,38619,Jungle green,8,256,5000,50MP + 13MP + 10MP,32MP,6.67,Display,Snapdragon 7 Gen 1 Accelerated Edition Processor
Motorola,Motorola g45 5g,10999,4.3,49142,Brilliant green,4,128,5000,50MP + 2MP,16MP,6.5,HD+ Display,Snapdragon 6s Gen 3 Processor
Realme,Realme c63 5g,12999,4.4,4149,Starry gold,8,128,5000,32MP,8MP,6.67,HD+ Display,Dimensity 6300 Processor
Motorola,Motorola edge 60 pro,29999,4.3,13546,Pantone dazzling blue,8,256,6000,50MP + 50MP + 10MP,50MP,6.7,Display,Dimensity 8350 Processor
Oppo,Oppo k13 turbo 5g,29999,4.6,163,Purple phantom,8,256,7000,50MP + 2MP,16MP,6.8,Full HD+ Display,Dimensity 8450 Processor
Apple,Apple iphone 15,74900,4.6,263799,Black,6,256,4000,48MP + 12MP,12MP,6.1,Super Retina XDR Display,"A16 Bionic Chip, 6 Core Processor Processor"
Oppo,Oppo reno14 5g,39999,4.5,1264,Forest green,12,256,6000,50MP + 8MP + 50MP,50MP,6.59,Display,Dimensity 8350 Processor
Oneplus,Oneplus nord ce4,24999,4.4,24240,Celadon marble,8,256,5500,50MP,,6.7,Display,OxygenOS 14.0 Processor
Oppo,Oppo a3x,8999,4.1,1221,Nebula red,4,64,5100,8MP,5MP,6.67,HD+ Display,6s 4G Gen1 Processor
Oppo,Oppo f29 5g,21999,4.4,1923,Solid purple,8,128,6500,50MP + 2MP,16MP,6.7,Full HD+ Display,6 Gen 1 Processor
Iqoo,Iqoo neo 10,35889,4.5,153,Inferno red,12,256,7000,50MP + 50MP + 8MP,32MP + 32MP,6.78,Full HD+ E3 Super AMOLED Display,Qualcomm Processor
Vivo,Vivo y36,11299,4.3,1443,Vibrant gold,8,128,5000,50MP + 2MP,16MP,6.64,Full HD+ Display,Snapdragon 680 Processor
Samsung,Samsung m36 5g,16447,4.1,71,Velvet black / black,6,128,5000,50MP,,6.7,Display,
Realme,Realme c63 5g,10999,4.5,23389,Forest green,6,128,5000,32MP,8MP,6.67,HD+ Display,Dimensity 6300 Processor
Tecno,Tecno pova 7 pro 5g,19999,4.4,1128,Geek black,8,256,6000,64MP + 8MP,13MP,6.78,Full HD+ AMOLED Display,Dimensity 7300 Ultimate Processor
Oneplus,Oneplus nord 5 5g,32799,4.5,190,Dry ice,8,256,6800,50MP + 50MP + 8MP,50MP,6.83,Full HD+ AMOLED Display,Qualcomm® Snapdragon™ 8s Gen 3 Mobile Platform Processor
Redmi,Redmi 14c 5g,11499,4.2,4864,Stardust purple,6,128,5160,50MP,8MP,6.88,HD+ Display,4 Gen 2 5G Processor
Poco,Poco x7 5g,18999,4.3,15130,Glacier green,8,256,5500,50MP + 8MP + 2MP,20MP,6.67,Display,Dimensity 7300 Ultra Processor
Vivo,Vivo y22,15499,4.3,1970,Starlit blue,6,128,5000,50MP + 2MP,8MP,6.55,HD+ Display,Mediatek Helio G70 Processor
Realme,Realme narzo 80x 5g,12222,4.2,827,Sunlit gold,6,128,6000,50MP,,6.72,Display,
Redmi,Redmi note 14 5g,16968,4.2,1457,Ivy green,8,128,5110,50MP,,6.67,Display,
Iqoo,Iqoo z10 5g,23499,4.4,2571,Stellar black / black,8,256,7300,50MP,,6.77,Display,
Samsung,Samsung galaxy s25 5g,74999,4.6,2149,Icyblue,12,256,4000,50MP + 10MP + 12MP,12MP,6.2,Full HD+ Display,8 Elite for Galaxy Processor
Vivo,Vivo y22,9999,4.3,2249,Starlit blue,4,128,5000,50MP + 2MP,8MP,6.55,HD+ Display,Mediatek Helio G70 Processor
Vivo,Vivo y22,9999,4.3,2249,Metaverse green,4,128,5000,50MP + 2MP,8MP,6.55,HD+ Display,Mediatek Helio G70 Processor
Oppo,Oppo f29 5g,23999,4.4,1923,Glacier blue,8,256,6500,50MP + 2MP,16MP,6.7,Full HD+ Display,6 Gen 1 Processor
Apple,Apple iphone 16 pro,135900,4.6,2793,White titanium,8,512,4000,48MP + 48MP + 12MP,12MP,6.3,Super Retina XDR Display,"A18 Pro Chip, 6 Core Processor Processor"
Poco,Poco c61,7199,4.1,111078,Ethereal blue,4,64,5000,8MP,5MP,6.71,HD+ Display,Helio G36 Processor
Ai+,Ai+ nova 5g,9999,3.7,736,Pink,8,128,5000,50MP,5MP,6.745,HD+ Display,T8200 Processor
Tecno,Tecno pova 7 pro 5g,18999,4.4,1128,Dynamic grey,8,128,6000,64MP + 8MP,13MP,6.78,Full HD+ AMOLED Display,Dimensity 7300 Ultimate Processor
Realme,Realme p2 pro 5g,16999,4.4,18008,Parrot green,8,128,5200,50MP + 8MP,32MP,6.7,Full HD+ Display,7s Gen2 Processor
Samsung,Samsung galaxy s25 5g,74999,4.6,2149,Mint,12,256,4000,50MP + 10MP + 12MP,12MP,6.2,Full HD+ Display,8 Elite for Galaxy Processor
Apple,Apple iphone 16 pro max,157900,4.6,1259,Natural titanium,8,512,4000,48MP + 48MP + 12MP,12MP,6.9,Super Retina XDR Display,"A18 Pro Chip, 6 Core Processor Processor"
Redmi,Redmi note 14 5g,16067,4.3,2197,Phantom purple,6,128,5110,50MP,,6.67,Display,
Redmi,Redmi note 14 5g,19398,4.2,1457,Mystique white,8,256,5110,50MP,,6.67,Display,
Oppo,Oppo reno14 5g,37999,4.4,1838,Forest green,8,256,6000,50MP + 8MP + 50MP,50MP,6.59,Display,Dimensity 8350 Processor
Realme,Realme p3 pro 5g,24999,4.4,6788,Nebula glow,8,256,6000,50MP + 2MP,16MP,6.83,Display,7s Gen 3 Mobile Platform Processor
Realme,Realme p3 pro 5g,26999,4.4,1796,Saturn brown,12,256,6000,50MP + 2MP,16MP,6.83,Display,7s Gen 3 Mobile Platform Processor
Realme,Realme p3 pro 5g,26999,4.4,1796,Nebula glow,12,256,6000,50MP + 2MP,16MP,6.83,Display,7s Gen 3 Mobile Platform Processor
Realme,Realme narzo 80 lite 4g,9999,4.3,30,Obsidian black,6,128,6300,13MP,,6.74,HD+ Display,
Realme,Realme p3 pro 5g,23999,4.4,6788,Nebula glow,8,128,6000,50MP + 2MP,16MP,6.83,Display,7s Gen 3 Mobile Platform Processor
Realme,Realme p3 pro 5g,24999,4.4,6788,Galaxy purple,8,256,6000,50MP + 2MP,16MP,6.83,Display,7s Gen 3 Mobile Platform Processor
Realme,Realme p3 pro 5g,23999,4.4,6788,Saturn brown,8,128,6000,50MP + 2MP,16MP,6.83,Display,7s Gen 3 Mobile Platform Processor
Redmi,Redmi 14c 5g,10200,4.2,5157,Starlight blue,4,128,5160,50MP,8MP,6.88,HD+ Display,4 Gen 2 5G Processor
Vivo,Vivo v50e 5g,30999,4.4,1694,Sapphire blue,8,256,5600,50MP + 8MP,50MP,6.77,Display,Dimensity 7300 Processor
Realme,Realme 12+ 5g,14999,4.3,20209,Navigator beige,8,128,5000,50MP + 8MP + 2MP,16MP,6.67,Full HD+ Display,Dimensity 7050 Processor
Oneplus,Oneplus nord 5 5g,34800,4.6,86,Dry ice,12,256,6800,50MP,,6.83,Display,
Itel,Itel zeno 10,6113,4.4,28,Phantom crystal,4,64,5000,8MP,,6.6,Display,
Tecno,Tecno pova curve 5g,16999,4.3,691,Neon cyan,8,128,5500,64MP,13MP,6.78,Display,Dimensity 7300 Ultimate Processor
Tecno,Tecno pova curve 5g,16999,4.3,691,Geek black,8,128,5500,64MP,13MP,6.78,Display,Dimensity 7300 Ultimate Processor
Apple,Apple iphone 16 plus,94900,4.6,3379,Ultramarine,8,256,4000,48MP + 12MP,12MP,6.7,Super Retina XDR Display,"A18 Chip, 6 Core Processor Processor"
Realme,Realme c63 5g,10999,4.4,6771,Starry gold,4,128,5000,32MP,8MP,6.67,HD+ Display,Dimensity 6300 Processor
Realme,Realme p2 pro 5g,23999,4.4,19552,Parrot green,12,512,5200,50MP + 8MP,32MP,6.7,Full HD+ Display,7s Gen2 Processor
Samsung,Samsung m06 5g,11403,3.9,232,Sage green,6,128,5000,50MP,,6.7,Display,
Realme,Realme p2 pro 5g,23999,4.4,19552,Eagle grey,12,512,5200,50MP + 8MP,32MP,6.7,Full HD+ Display,7s Gen2 Processor
Samsung,Samsung galaxy a36 5g,33999,4.3,1061,Awesome black,8,256,5000,50MP + 8MP,12MP,6.7,Full HD+ Display,Qualcomm Snapdragon 6 Gen 3 Processor
Samsung,Samsung galaxy f16 5g,11499,4.1,3244,Glam green,4,128,5000,50MP + 5MP + 2MP,13MP,6.657,Full HD+ Display,Dimensity 6300 Processor
Realme,Realme p2 pro 5g,16999,4.4,18008,Eagle grey,8,128,5200,50MP + 8MP,32MP,6.7,Full HD+ Display,7s Gen2 Processor
Realme,Realme gt 6,32999,4.5,5357,Fluid silver,16,512,5500,50MP + 8MP + 50MP,32MP,6.78,Full HD+ Display,8s Gen 3 Mobile Platform Processor
Vivo,Vivo t3 lite 5g,11499,4.4,104009,Vibrant green,6,128,5000,50MP + 2MP,8MP,6.56,Display,Dimensity 6300 Processor
Vivo,Vivo t3 lite 5g,10499,4.4,70730,Majestic black,4,128,5000,50MP + 2MP,8MP,6.56,Display,Dimensity 6300 Processor
Vivo,Vivo t3 lite 5g,10499,4.4,70730,Vibrant green,4,128,5000,50MP + 2MP,8MP,6.56,Display,Dimensity 6300 Processor
Tecno,Tecno pova curve 5g,16999,4.3,691,Magic silver,8,128,5500,64MP,13MP,6.78,Display,Dimensity 7300 Ultimate Processor
Oppo,Oppo a3x 5g,11990,4.2,3385,Starry purple,4,128,5100,8MP,5MP,6.67,HD+ Display,Dimensity 6300 Processor
Oppo,Oppo a3x 5g,10999,4.2,3385,Starry purple,4,64,5100,8MP,5MP,6.67,HD+ Display,Dimensity 6300 Processor
Oneplus,Oneplus nord 5 5g,32778,4.5,190,Dry ice,8,256,6800,50MP,,6.83,Display,
Realme,Realme narzo 80x 5g,13455,4.2,753,Sunlit gold,8,128,6000,50MP,,6.72,Display,
Poco,Poco c61,7200,4.1,111078,Mystical green,4,64,5000,8MP,5MP,6.71,HD+ Display,Helio G36 Processor
Tecno,Tecno pova curve 5g,15999,4.3,918,Magic silver,6,128,5500,64MP,13MP,6.78,Display,Dimensity 7300 Ultimate Processor
Poco,Poco x7 pro 5g,25999,4.4,4889,Yellow,12,256,6550,50MP + 8MP,20MP,6.67,Display,Dimensity D8400 Ultra Processor
Poco,Poco m6 plus 5g,9999,4.2,63160,Misty lavender,6,128,5030,108MP + 2MP,13MP,6.79,Full HD+ Display,Snapdragon 4 Gen2 AE Processor
Redmi,Redmi 14c 5g,10499,4.2,5157,Starlight blue,4,128,5160,50MP,8MP,6.88,HD+ Display,4 Gen 2 5G Processor
Vivo,Vivo t4 ultra 5g,39999,4.5,1348,Phoenix gold,12,256,5500,50MP + 8MP + 50MP Periscope,32MP,6.67,Full HD+ AMOLED Display,Dimensity 9300+ Processor
Redmi,Redmi note 14 5g,19895,4.2,1457,Ivy green,8,256,5110,50MP,,6.67,Display,
Samsung,Samsung galaxy m16 5g,11896,4.1,235,Mint green,4,128,5000,50MP,,6.7,Display,
Iqoo,Iqoo z9s 5g,21979,4.4,9002,Titanium matte,8,128,5500,50MP,,6.77,Display,
Realme,Realme narzo n61,7387,4.3,5872,Vyage blue,4,64,5000,32MP,,6.74,Display,
Realme,Realme 14 pro lite 5g,22999,4.4,490,Glass purple,8,256,5200,50MP + 8MP + 2MP,32MP,6.7,Full HD+ Display,7s Gen2 Processor
Vivo,Vivo t4 ultra 5g,37999,4.5,1847,Meteor grey,8,256,5500,50MP + 8MP + 50MP Periscope,32MP,6.67,Full HD+ AMOLED Display,Dimensity 9300+ Processor
Oneplus,Oneplus nord 5 5g,34478,4.6,86,Phantom grey,12,256,6800,50MP,,6.83,Display,
Tecno,Tecno spark go 1,6899,4.3,1482,Magic skin green,3,64,5000,13MP,8MP,6.67,Display,Unisoc T61 Processor
Samsung,Samsung m06 5g,9945,4.0,288,Blazing black,4,128,5000,50MP,,6.7,Display,
Realme,Realme p1 speed 5g,15499,4.3,2798,Textured titanium,8,128,5000,50MP + 2MP,16MP,6.67,Full HD+ Display,Dimensity 7300 Energy Processor
Oppo,Oppo k13 turbo 5g,27999,4.6,163,Purple phantom,8,128,7000,50MP + 2MP,16MP,6.8,Full HD+ Display,Dimensity 8450 Processor
Poco,Poco x7 5g,18999,4.3,15130,Cosmic silver,8,256,5500,50MP + 8MP + 2MP,20MP,6.67,Display,Dimensity 7300 Ultra Processor
Realme,Realme c73 5g,11499,4.3,724,Jade green,4,128,6000,32MP,8MP,6.67,HD+ Display,Dimensity 6300 Processor
Oppo,Oppo a3x 5g,11990,4.2,3385,Sparkle black,4,128,5100,8MP + 13MP,5MP + 5MP,6.67,HD+ Display,Dimensity 6300 Processor
Realme,Realme narzo n61,8979,4.2,1795,Voyage blue,6,128,5000,32MP,,6.74,Display,
Samsung,Samsung galaxy m16 5g,13158,4.3,583,Thunder black,6,128,5000,50MP,,6.7,Display,
Samsung,Samsung galaxy m16 5g,13164,4.3,583,Blush pink,6,128,5000,50MP,,6.7,Display,
Poco,Poco c71,5899,3.9,25608,Desert gold,4,64,5200,32MP,8MP,6.88,HD+ Display,"Unisoc T7250
Max clock speed: 
2 x A75@1.8GHz
6 x A55@1.6GHz Processor"
Redmi,Redmi 14c 5g,11390,4.2,4864,Stargaze black,6,128,5160,50MP,8MP,6.88,HD+ Display,4 Gen 2 5G Processor
Redmi,Redmi 14c 5g,10969,4.2,5157,Stardust purple,4,128,5160,50MP,8MP,6.88,HD+ Display,4 Gen 2 5G Processor
Oppo,Oppo f29 5g,23999,4.4,1923,Solid purple,8,256,6500,50MP + 2MP,16MP,6.7,Full HD+ Display,6 Gen 1 Processor
Motorola,Motorola g64 5g,15999,4.2,86184,Ice lilac,12,256,6000,50MP (OIS) + 8MP,16MP,6.5,Full HD+ Display,Dimensity 7025 Processor
Samsung,Samsung galaxy z fold6 5g,112495,4.4,108,Navy,12,256,4400,50MP + 12MP + 10MP,10MP,7.6,QXGA+ Display,Snapdragon 8 Gen 3 Processor
Poco,Poco c71,5899,3.9,25608,Cool blue,4,64,5200,32MP,8MP,6.88,HD+ Display,"Unisoc T7250
Max clock speed: 
2 x A75@1.8GHz
6 x A55@1.6GHz Processor"
Samsung,Samsung galaxy z fold6 5g,114499,4.4,108,Silver shadow,12,256,4400,50MP + 12MP + 10MP,10MP,7.6,QXGA+ Display,Snapdragon 8 Gen 3 Processor
Ai+,Ai+ nova 5g,9999,3.7,736,Purple,8,128,5000,50MP,5MP,6.745,HD+ Display,T8200 Processor
Poco,Poco x7 pro 5g,25999,4.4,4889,Nebula green,12,256,6550,50MP + 8MP,20MP,6.67,Display,Dimensity D8400 Ultra Processor
Redmi,Redmi a4,9408,4.3,7752,Sparkle purple,4,128,5160,50MP,,6.88,Display,
Tecno,Tecno pova curve 5g,15999,4.3,918,Geek black,6,128,5500,64MP,13MP,6.78,Display,Dimensity 7300 Ultimate Processor
Samsung,Samsung galaxy s24 5g,52999,4.6,7527,Onyx black,8,256,4000,50MP + 10MP + 12MP,12MP,6.2,Full HD+ Display,Exynos 2400 Processor
Realme,Realme 14 pro 5g,26999,4.4,10718,Pearl white,8,256,6000,50MP + 2MP,16MP,6.77,Full HD+ Display,Dimensity 7300 Energy Processor
Realme,Realme 14 pro 5g,24999,4.4,10718,Jaipur pink,8,128,6000,50MP + 2MP,16MP,6.77,Full HD+ Display,Dimensity 7300 Energy Processor
Realme,Realme 14 pro 5g,24999,4.4,10718,Pearl white,8,128,6000,50MP + 2MP,16MP,6.77,Full HD+ Display,Dimensity 7300 Energy Processor
Samsung,Samsung galaxy m35 5g,17235,4.3,3939,Daybreak blue,8,128,6000,50MP,,6.6,Display,
Redmi,Redmi note 14 5g,19400,4.2,1457,Phantom purple,8,256,5110,50MP,,6.67,Display,
Samsung,Samsung m36 5g,16514,4.1,71,Orange haze / orange,6,128,5000,50MP,,6.7,Display,
Redmi,Redmi 13 5g,13999,4.2,10869,Hawaiian blue,8,128,5030,108MP + 2MP,13MP,6.79,Full HD+ Display,4 Gen 2 AE Processor
Redmi,Redmi 13 5g,13999,4.2,10869,Orchid pink,8,128,5030,108MP + 2MP,13MP,6.79,Full HD+ Display,4 Gen 2 AE Processor
Samsung,Samsung galaxy a56 5g,44999,4.4,248,Awesome olive,12,256,5000,50MP + 12MP + 5MP,12MP,6.7,Full HD+ Display,Samsung Exynos 1580 Processor
Poco,Poco x7 pro 5g,23999,4.3,8776,Nebula green,8,256,6550,50MP + 8MP,20MP,6.67,Display,Dimensity D8400 Ultra Processor
Poco,Poco m7 5g,8799,4.1,28665,Mint green,6,128,5160,50MP,8MP,6.88,HD+ Display,4 Gen 2 5G Processor
Samsung,Samsung galaxy a06 5g,10999,4.0,1050,Light green,4,128,5000,50MP + 2MP,8MP,6.7,HD+ Display,Dimensity 6300 Processor
Realme,Realme 13 pro+ 5g,26269,4.4,9816,Monet gold,12,256,5200,50MP + 8MP + 50MP,32MP,6.7,Full HD+ Display,Snapdragon 7s Gen2 Processor
Ai+,Ai,6999,3.9,577,Green,6,128,5000,50MP,5MP,6.745,HD+ Display,T615 Processor
Vivo,Vivo y22,10790,4.3,2249,Starlit blue,4,64,5000,50MP + 2MP,8MP,6.55,HD+ Display,Mediatek Helio G70 Processor
Vivo,Vivo v50e 5g,28999,4.4,1694,Sapphire blue,8,128,5600,50MP + 8MP,50MP,6.77,Display,Dimensity 7300 Processor
Vivo,Vivo v50e 5g,28999,4.4,1694,Pearl white,8,128,5600,50MP + 8MP,50MP,6.77,Display,Dimensity 7300 Processor
Realme,Realme gt 6,32999,4.5,5357,Razor green,16,512,5500,50MP + 8MP + 50MP,32MP,6.78,Full HD+ Display,8s Gen 3 Mobile Platform Processor
Samsung,Samsung galaxy s23 ultra 5g,77090,4.6,4312,Phantom black,12,256,5000,200MP + 10MP + 12MP + 10MP,12MP,6.8,Quad HD+ Display,Qualcomm Snapdragon 8 Gen 2 Processor
Vivo,Vivo y22,10790,4.3,2249,Metaverse green,4,64,5000,50MP + 2MP,8MP,6.55,HD+ Display,Mediatek Helio G70 Processor
Realme,Realme gt 6,27999,4.5,3814,Razor green,8,256,5500,50MP + 8MP + 50MP,32MP,6.78,Full HD+ Display,8s Gen 3 Mobile Platform Processor
Redmi,Redmi 14c 5g,9499,4.2,5157,Starlight blue,4,64,5160,50MP,8MP,6.88,HD+ Display,4 Gen 2 5G Processor
Oneplus,Oneplus nord 5 5g,37852,4.6,86,Phantom grey,12,512,6800,50MP,,6.83,Display,
Samsung,Samsung galaxy m16 5g,12079,4.1,235,Blush pink,4,128,5000,50MP,,6.7,Display,
Vivo,Vivo t4 ultra 5g,41999,4.5,1348,Meteor grey,12,512,5500,50MP + 8MP + 50MP Periscope,32MP,6.67,Full HD+ AMOLED Display,Dimensity 9300+ Processor
Vivo,Vivo t4 ultra 5g,41999,4.5,1348,Phoenix gold,12,512,5500,50MP + 8MP + 50MP Periscope,32MP,6.67,Full HD+ AMOLED Display,Dimensity 9300+ Processor
Redmi,Redmi 13 5g,12499,4.2,43634,Hawaiian blue,6,128,5030,108MP + 2MP,13MP,6.79,Full HD+ Display,4 Gen 2 AE Processor
Redmi,Redmi 13 5g,12499,4.2,43634,Black diamond,6,128,5030,108MP + 2MP,13MP,6.79,Full HD+ Display,4 Gen 2 AE Processor
Iqoo,Iqoo neo 10,42470,4.4,24,Titanium chrome,16,512,7000,50MP + 50MP + 8MP,32MP + 32MP,6.78,Full HD+ E3 Super AMOLED Display,Qualcomm Processor
Realme,Realme narzo 80 pro 5g,18279,4.5,383,Racing green,8,128,6000,50MP,,6.7,Display,
Iqoo,Iqoo neo 10,42199,4.4,24,Inferno red,16,512,7000,50MP + 50MP + 8MP,32MP + 32MP,6.78,Full HD+ E3 Super AMOLED Display,Qualcomm Processor
Redmi,Redmi note 14 5g,16799,4.2,1457,Titan black,8,128,5110,50MP,,6.67,Display,
Redmi,Redmi 14c 5g,11499,4.2,4864,Stargaze black,6,128,5160,50MP,8MP,6.88,HD+ Display,4 Gen 2 5G Processor
Oppo,Oppo k13 turbo 5g,29999,4.6,163,Midnight maverick,8,256,7000,50MP + 2MP,16MP,6.8,Full HD+ Display,Dimensity 8450 Processor
Realme,Realme 14 pro+ 5g,37999,4.4,6474,Pearl white,12,512,6000,50MP + 50MP + 8MP,32MP,6.83,Display,7s Gen 3 Mobile Platform Processor
Apple,Apple iphone 16 pro max,157900,4.6,1259,Black titanium,8,512,4000,48MP + 48MP + 12MP,12MP,6.9,Super Retina XDR Display,"A18 Pro Chip, 6 Core Processor Processor"
Realme,Realme narzo n61,8999,4.2,1795,Marble black,6,128,5000,32MP,,6.74,Display,
Infinix,Infinix hot 50 5g,10499,4.4,18711,Sage green,8,128,5000,48MP + Depth Sensor,8MP,6.7,HD+ Display,Dimensity 6300 Processor
Redmi,Redmi 14c 5g,11499,4.2,4864,Starlight blue,6,128,5160,50MP,8MP,6.88,HD+ Display,4 Gen 2 5G Processor
Redmi,Redmi 14c 5g,10499,4.2,5157,Stargaze black,4,128,5160,50MP,8MP,6.88,HD+ Display,4 Gen 2 5G Processor
Redmi,Redmi 14c 5g,10499,4.2,5157,Stardust purple,4,128,5160,50MP,8MP,6.88,HD+ Display,4 Gen 2 5G Processor
Redmi,Redmi 14c 5g,9499,4.2,5157,Stargaze black,4,64,5160,50MP,8MP,6.88,HD+ Display,4 Gen 2 5G Processor
Redmi,Redmi 14c 5g,9499,4.2,5157,Stardust purple,4,64,5160,50MP,8MP,6.88,HD+ Display,4 Gen 2 5G Processor
Lava,Lava bold n1 pro,7970,3.6,10,Titanium gold,4,128,5000,50MP,,6.6,Display,
Lava,Lava yuva 2 5g,8696,4.2,56,Marble white,4,128,5000,50MP,,6.67,Full HD+ Display,
Samsung,Samsung galaxy a16 5g,20499,4.2,3257,Gold,8,256,5000,50MP + 5MP + 2MP,13MP,6.7,Full HD+ Display,Dimensity 6300 Processor
Iqoo,Iqoo z9x,13399,4.4,10576,Tornado green,6,128,6000,50MP + 2MP,8MP,6.72,Full HD+ Display,Qualcomm SM6450 Snapdragon 6 Gen 1 Processor
Lava,Lava shark,7248,4.1,43,Titanium gold,4,64,5000,50MP + 8MP,,6.67,HD+ Display,UNISOC T606 octa-core processor Processor
Vivo,Vivo t4 ultra 5g,37999,4.5,1847,Phoenix gold,8,256,5500,50MP + 8MP + 50MP Periscope,32MP,6.67,Full HD+ AMOLED Display,Dimensity 9300+ Processor
Vivo,Vivo y36,13990,4.3,1443,Meteor black,8,128,5000,50MP + 2MP,16MP,6.64,Full HD+ Display,Snapdragon 680 Processor
Oppo,Oppo f29 pro 5g,25999,4.4,1191,Marble white,8,128,6000,50MP + 2MP,16MP,6.7,Full HD+ Display,Dimensity 7300 Processor
Tecno,Tecno pova curve 5g,15999,4.3,918,Neon cyan,6,128,5500,64MP,13MP,6.78,Display,Dimensity 7300 Ultimate Processor
Samsung,Samsung m06 5g,9980,4.0,288,Sage green,4,128,5000,50MP,,6.7,Display,
Poco,Poco x6 neo 5g,17999,4.2,15335,Astral black,12,256,5000,108MP + 2MP,16MP,6.67,Full HD+ Display,Dimensity 6080 Processor
Samsung,Samsung galaxy m35 5g,21978,4.3,3939,Thunder grey,8,256,6000,50MP,,6.6,Display,
Honor,Honor 200 5g,26999,4.3,166,Moonlight white,8,256,5200,50MP + 50MP + 12MP,50MP,6.7,Full HD+ Super AMOLED Display,Snapdragon 7 Gen 3 Processor
Realme,Realme 14 pro 5g,26999,4.4,10718,Suede grey,8,256,6000,50MP + 2MP,16MP,6.77,Full HD+ Display,Dimensity 7300 Energy Processor
Realme,Realme 14 pro 5g,24999,4.4,10718,Suede grey,8,128,6000,50MP + 2MP,16MP,6.77,Full HD+ Display,Dimensity 7300 Energy Processor
Infinix,Infinix hot 50 5g,9999,4.3,5717,Vibrant blue,4,128,5000,48MP + Depth Sensor,8MP,6.7,HD+ Display,Dimensity 6300 Processor
Samsung,Samsung galaxy a16 5g,17499,4.2,3257,Light green,8,128,5000,50MP + 5MP + 2MP,13MP,6.7,Full HD+ Display,Dimensity 6300 Processor
Samsung,Samsung galaxy a36 5g,36999,4.3,131,Awesome black,12,256,5000,50MP + 8MP,12MP,6.7,Full HD+ Display,Qualcomm Snapdragon 6 Gen 3 Processor
Samsung,Samsung galaxy a16 5g,17499,4.2,3257,Gold,8,128,5000,50MP + 5MP + 2MP,13MP,6.7,Full HD+ Display,Dimensity 6300 Processor
Lava,Lava yuva 2 5g,8697,4.2,56,Marble black,4,128,5000,50MP,,6.67,Full HD+ Display,
Oppo,Oppo a3x,8999,4.1,1221,Ocean blue,4,64,5100,8MP,5MP,6.67,HD+ Display,6s 4G Gen1 Processor
Realme,Realme 14 pro+ 5g,37999,4.4,6474,Suede grey,12,512,6000,50MP + 50MP + 8MP,32MP,6.83,Display,7s Gen 3 Mobile Platform Processor
Vivo,Vivo v50e 5g,30999,4.4,1694,Pearl white,8,256,5600,50MP + 8MP,50MP,6.77,Display,Dimensity 7300 Processor
Infinix,Infinix hot 50 5g,10499,4.4,18711,Sleek black,8,128,5000,48MP + Depth Sensor,8MP,6.7,HD+ Display,Dimensity 6300 Processor
Infinix,Infinix hot 50 5g,9999,4.3,5717,Sage green,4,128,5000,48MP + Depth Sensor,8MP,6.7,HD+ Display,Dimensity 6300 Processor
Oneplus,Oneplus nord 5 5g,34930,4.6,86,Marble sands,12,256,6800,50MP,,6.83,Display,
Samsung,Samsung galaxy m35 5g,16995,4.4,25891,Moonlight blue,6,128,6000,50MP,,6.6,Display,
Tecno,Tecno spark go 1,6899,4.3,1482,Glittery white,3,64,5000,13MP,8MP,6.67,Display,Unisoc T61 Processor
Tecno,Tecno camon 20 pro,16100,4.1,845,Serenity blue,8,128,5000,64MP + 2MP + 2MP,32MP,6.67,Full HD+ Display,Mediatek Dimensity 8050 Processor
Samsung,Samsung galaxy a06,9799,4.2,183,Black,4,128,5000,50MP + 2MP,8MP,6.7,HD+ Display,Mediatek Helio G85 Processor
Samsung,Samsung galaxy f16 5g,14499,4.2,2437,Bling black,8,128,5000,50MP + 5MP + 2MP,13MP,6.657,Full HD+ Display,Dimensity 6300 Processor
Itel,Itel a80,7099,4.2,371,Sandstone black,4,128,5000,50MP,,6.7,Display,
Honor,Honor 200 5g,28980,4.5,71,Black,12,512,5200,50MP + 50MP + 12MP,50MP,6.7,Full HD+ Super AMOLED Display,Snapdragon 7 Gen 3 Processor
Samsung,Samsung galaxy s25 ultra 5g,117999,4.7,1966,Titanium black,12,256,5000,200MP + 50MP + 50MP + 10MP,12MP,6.9,Quad HD+ Display,8 Elite for Galaxy Processor
Xiaomi,Xiaomi 14 civi,38999,4.4,775,Cruise blue,12,512,4700,50MP,32MP + 32MP,6.55,Display,8s Gen 3 Mobile Platform Processor
Samsung,Samsung galaxy a16 5g,17499,4.2,3257,Blue black,8,128,5000,50MP + 5MP + 2MP,13MP,6.7,Full HD+ Display,Dimensity 6300 Processor
Infinix,Infinix note 40 5g,15999,4.2,12616,Obsidian black,8,256,5000,108MP + 2MP + 2MP,32MP,6.78,Full HD+ Display,Dimensity 7020 Processor
Vivo,Vivo t4 ultra 5g,39999,4.5,1348,Meteor grey,12,256,5500,50MP + 8MP + 50MP Periscope,32MP,6.67,Full HD+ AMOLED Display,Dimensity 9300+ Processor
Motorola,Motorola g32,10999,4.2,127660,Mineral gray,8,128,5000,50MP + 8MP + 2MP,16MP,6.5,Full HD+ Display,Qualcomm Snapdragon 680 Processor
Redmi,Redmi note 14 5g,17428,4.2,1457,Mystique white,8,128,5110,50MP,,6.67,Display,
Realme,Realme 14 pro lite 5g,20999,4.4,490,Glass gold,8,128,5200,50MP + 8MP + 2MP,32MP,6.7,Full HD+ Display,7s Gen2 Processor
Iqoo,Iqoo z10 5g,27680,4.4,612,Glacier silver / silver,12,256,7300,50MP,,6.7,Display,
Oneplus,Oneplus nord 5�5g,32290,4.6,123,Marble sands,8,256,6800,50MP + 50MP + 8MP,50MP,6.83,Full HD+ AMOLED Display,Qualcomm® Snapdragon™ 8s Gen 3 Mobile Platform Processor
Samsung,Samsung galaxy s25 5g,74999,4.6,2149,Silver shadow,12,256,4000,50MP + 10MP + 12MP,12MP,6.2,Full HD+ Display,8 Elite Processor
Realme,Realme narzo n61,7985,4.3,5872,Marble black,4,64,5000,32MP,,6.74,Display,
Redmi,Redmi 14c 5g,10399,4.2,5157,Stargaze black,4,128,5160,50MP,8MP,6.88,HD+ Display,4 Gen 2 5G Processor
Infinix,Infinix note 11,8999,4.2,11719,Glacier green,6,128,5000,50 MP + 2 MP Depth Lens + AI Lens,16MP,6.7,Full HD+ AMOLED Display,Mediatek Helio G88 Processor
Oppo,Oppo reno14 pro 5g,49999,4.5,748,Titanium grey,12,256,6200,50MP + 50MP + 50MP,50MP,6.83,Full HD+ Display,Dimensity 8450 Processor
Google,Google pixel 8a,44999,4.3,7497,Obsidian,8,256,4404,64MP + 13MP,13MP,6.1,Full HD+ Display,Tensor G3 Processor
Redmi,Redmi 14c 5g,10975,4.2,4864,Starlight blue,6,128,5160,50MP,8MP,6.88,HD+ Display,4 Gen 2 5G Processor
Redmi,Redmi 14c 5g,10990,4.2,4864,Stardust purple,6,128,5160,50MP,8MP,6.88,HD+ Display,4 Gen 2 5G Processor
Lava,Lava yuva smart,6199,4.0,179,Glossy lavender,3,64,5000,13MP,,6.75,Display,
Realme,Realme 13 pro+ 5g,22988,4.4,15397,Monet purple,8,256,5200,50MP + 8MP + 50MP,32MP,6.7,Full HD+ Display,Snapdragon 7s Gen2 Processor
Vivo,Vivo y18t,9819,4.1,731,Gem green,4,128,5000,50MP + 0.08MP,8MP,6.56,Display,T612 Processor
Itel,Itel a50,6695,4.2,514,Cyan blue,4,64,5000,8MP,5MP,6.67,HD Display,Unisoc T603 Processor
Realme,Realme 14 pro+ 5g,34999,4.4,6474,Pearl white,12,256,6000,50MP + 50MP + 8MP,32MP,6.83,Display,7s Gen 3 Mobile Platform Processor
Realme,Realme 14 pro+ 5g,29999,4.4,11695,Bikaner purple,8,128,6000,50MP + 50MP + 8MP,32MP,6.83,Display,7s Gen 3 Mobile Platform Processor
Realme,Realme 14 pro+ 5g,29999,4.4,11695,Suede grey,8,128,6000,50MP + 50MP + 8MP,32MP,6.83,Display,7s Gen 3 Mobile Platform Processor
Realme,Realme 14 pro+ 5g,34999,4.4,6474,Suede grey,12,256,6000,50MP + 50MP + 8MP,32MP,6.83,Display,7s Gen 3 Mobile Platform Processor
Realme,Realme 14 pro+ 5g,31999,4.4,11695,Pearl white,8,256,6000,50MP + 50MP + 8MP,32MP,6.83,Display,7s Gen 3 Mobile Platform Processor
Realme,Realme narzo 80 pro 5g,18239,4.5,383,Speed silver,8,128,6000,50MP,,6.7,Display,
Samsung,Samsung m36 5g,18776,3.6,5,Velvet black,8,128,5000,50MP,,6.7,Display,
Realme,Realme 14 pro+ 5g,31999,4.4,11695,Suede grey,8,256,6000,50MP + 50MP + 8MP,32MP,6.83,Display,7s Gen 3 Mobile Platform Processor
Oppo,Oppo f29 pro 5g,27999,4.4,1191,Granite black,8,256,6000,50MP + 2MP,16MP,6.7,Full HD+ Display,Dimensity 7300 Processor
Oppo,Oppo f29 pro 5g,25999,4.4,1191,Granite black,8,128,6000,50MP + 2MP,16MP,6.7,Full HD+ Display,Dimensity 7300 Processor
Oppo,Oppo a3x,9999,4.1,1221,Ocean blue,4,128,5100,8MP,5MP,6.67,HD+ Display,6s 4G Gen1 Processor
Tecno,Tecno camon 30 5g,23999,4.1,207,Uyuni salt white,12,512,5000,50MP + 2MP,50MP,6.78,Display,Dimensity 7020 5G Processor
Itel,Itel a50c,5920,4.0,355,Black,2,32,4000,8MP,,6.67,Display,
Oppo,Oppo k13 turbo pro 5g,39999,4.2,31,Purple phantom,12,256,7000,50MP + 2MP,16MP,6.8,Full HD+ Display,8s Gen 4 Mobile Platform Processor
Redmi,Redmi 13 5g prime,12662,4.2,16523,Orchid pink,8,128,5030,13MP,,6.79,Display,
Infinix,Infinix hot 50 5g,10499,4.4,18711,Vibrant blue,8,128,5000,48MP + Depth Sensor,8MP,6.7,HD+ Display,Dimensity 6300 Processor
Vivo,Vivo y18t,9658,4.1,731,Space black,4,128,5000,50MP + 0.08MP,8MP,6.56,Display,T612 Processor
Poco,Poco m7 5g,8799,4.1,28665,Satin black,6,128,5160,50MP,8MP,6.88,HD+ Display,4 Gen 2 5G Processor
Lava,Lava amoled,14199,3.8,9,Sapphire blue,6,128,5000,64MP,,6.67,Full HD+ Display,Octa-core 2.6GHz MediaTek Dimensity 7050 6nm processor Processor
Samsung,Samsung galaxy a36 5g,33999,4.3,1061,Awesome white,8,256,5000,50MP + 8MP,12MP,6.7,Full HD+ Display,Qualcomm Snapdragon 6 Gen 3 Processor
Infinix,Infinix note 40 5g,15999,4.2,12616,Racing grey,8,256,5000,108MP + 2MP + 2MP,32MP,6.78,Full HD+ Display,Dimensity 7020 Processor
Vivo,Vivo y400 pro 5g,24999,4.4,474,Fest gold,8,128,5500,50MP + 2MP,32MP,6.77,Display,Dimensity 7300 Processor
Vivo,Vivo y400 pro 5g,24999,4.4,474,Freestyle white,8,128,5500,50MP + 2MP,32MP,6.77,Display,Dimensity 7300 Processor
Realme,Realme p1 5g,12300,4.4,107956,Phoenix red,6,128,5000,50MP + 2MP,16MP,6.67,Full HD+ Display,Dimensity 7050 Processor
Lava,Lava yuva star,6499,4.0,949,Glossy black,4,64,5000,13MP,5MP,6.75,HD+ Display,Unisoc SC9863A Processor
Samsung,Samsung galaxy a14,9199,3.9,188,Light green,4,64,5000,50MP + 5MP + 2MP,13MP,6.6,Full HD+ Display,"Exynos 850, Octa Core Processor"
Realme,Realme narzo 70x 5g,14499,4.3,3178,Ice blue,8,128,5000,50MP,,6.72,Display,"Dimensity 6100 Plus, Octa Core Processor"
Redmi,Redmi note 14 5g,17400,4.2,1457,Phantom purple,8,128,5110,50MP,,6.67,Display,
Vivo,Vivo y400 pro 5g,26999,4.4,474,Freestyle white,8,256,5500,50MP + 2MP,32MP,6.77,Display,Dimensity 7300 Processor
Vivo,Vivo y400 pro 5g,26999,4.4,474,Fest gold,8,256,5500,50MP + 2MP,32MP,6.77,Display,Dimensity 7300 Processor
Vivo,Vivo y400 pro 5g,26999,4.4,474,Nebula purple,8,256,5500,50MP + 2MP,32MP,6.77,Display,Dimensity 7300 Processor
Poco,Poco x6 5g,18899,4.3,29120,Snowstorm white,8,256,5100,64MP + 8MP + 2MP,16MP,6.67,Display,7s Gen 2 Mobile Platform 5G Processor
Vivo,Vivo v50 5g,38999,4.5,1726,Starry night,12,512,6000,50MP + 50MP,50MP,6.77,Display,7 Gen 3 Processor
Vivo,Vivo v40 pro 5g,55999,4.5,942,Titanium grey,12,512,5500,50MP + 50MP + 50MP,50MP,6.78,Full HD+ Display,Dimensity 9200+ Processor
Realme,Realme 13 pro+ 5g,25999,4.4,15397,Emerald green,8,256,5200,50MP + 8MP + 50MP,32MP,6.7,Full HD+ Display,Snapdragon 7s Gen2 Processor
Samsung,Samsung m36 5g,18799,3.6,5,Orange haze,8,128,5000,50MP,,6.7,Display,
Samsung,Samsung m36 5g,18754,3.6,5,Serene green / light green,8,128,5000,50MP,,6.7,Display,
Lava,Lava yuva smart,6499,4.0,179,Glossy white,3,64,5000,13MP,,6.75,Display,
Google,Google pixel 9 pro xl,104999,4.6,877,Porcelain,16,256,5060,50MP + 48MP + 48MP,42MP,6.8,Display,Google Tensor G4 Processor
Vivo,Vivo t3 ultra,31999,4.5,9914,Lunar gray,12,256,5500,50MP + 8MP,50MP,6.78,Display,Dimensity 9200+ Processor
Vivo,Vivo t3 ultra,29999,4.5,22445,Frost green,8,256,5500,50MP + 8MP,50MP,6.78,Display,Dimensity 9200+ Processor
Apple,Apple iphone 16 plus,114900,4.6,3379,Black,8,512,4000,48MP + 12MP,12MP,6.7,Super Retina XDR Display,"A18 Chip, 6 Core Processor Processor"
Vivo,Vivo v50 5g,32999,4.5,6508,Rose red,8,128,6000,50MP + 50MP,50MP,6.77,Display,7 Gen 3 Processor
Vivo,Vivo v50 5g,32999,4.5,6508,Titanium grey,8,128,6000,50MP + 50MP,50MP,6.77,Display,7 Gen 3 Processor
Vivo,Vivo v50 5g,34999,4.5,6508,Starry night,8,256,6000,50MP + 50MP,50MP,6.77,Display,7 Gen 3 Processor
Oneplus,Oneplus 13s 5g,59908,4.5,385,Green silk,12,512,5850,50MP,,6.32,Display,
Samsung,Samsung galaxy s24 ultra 5g,82870,4.6,4716,Titanium violet,12,256,5000,200MP + 50MP + 12MP + 10MP,12MP,6.8,Quad HD+ Display,Snapdragon 8 Gen 3 Processor
Hmd,Hmd crest max 5g,12499,3.9,145,Deep purple,8,256,5000,64MP,,6.9,Display,
Redmi,Redmi 13c 5g,10490,4.3,45887,Starlight black,4,128,5000,50MP,,6.74,Display,
Oppo,Oppo reno14 pro 5g,54999,4.5,748,Titanium grey,12,512,6200,50MP + 50MP + 50MP,50MP,6.83,Full HD+ Display,Dimensity 8450 Processor
Vivo,Vivo y400 5g,23999,4.2,57,Glam white,8,256,6000,50MP + 2MP,32MP,6.74,Display,4 Gen 2 Processor
Xiaomi,Xiaomi 14 civi,39999,4.4,775,Hot pink,12,512,4700,50MP,32MP + 32MP,6.55,Display,8s Gen 3 Mobile Platform Processor
Motorola,Motorola g85 5g,17999,4.4,80305,Urban grey,12,256,5000,50MP + 8MP,32MP,6.67,Full HD+ Display,6s Gen 3 Processor
Cmf,Cmf by nothing phone 1,17999,4.4,26862,Black,8,128,5000,50MP + 2MP,16MP,6.67,Full HD+ Display,Dimensity 7300 5G Processor
Samsung,Samsung galaxy m35 5g,17895,4.3,3939,Thunder grey,8,128,6000,50MP,,6.6,Display,
Realme,Realme 13 pro+ 5g,22780,4.4,15397,Monet gold,8,256,5200,50MP + 8MP + 50MP,32MP,6.7,Full HD+ Display,Snapdragon 7s Gen2 Processor
Iqoo,Iqoo z9x,17490,4.4,10576,Storm grey,6,128,6000,50MP + 2MP,8MP,6.72,Full HD+ Display,Qualcomm SM6450 Snapdragon 6 Gen 1 Processor
Motorola,Motorola g62 5g,10999,4.2,58378,Frosted blue,6,128,5000,50MP + 8MP + 2MP,16MP,6.55,Full HD+ Display,Qualcomm Snapdragon 695 5G Processor
Oppo,Oppo reno14 5g,37999,4.4,1838,Mint green,8,256,6000,50MP + 8MP + 50MP,50MP,6.59,Display,Dimensity 8350 Processor
Motorola,Motorola edge 50 ultra 5g,44999,4.3,2988,Nordic wood,12,512,4500,50MP + 50MP + 64MP,50MP,6.7,Display,8s Gen 3 Mobile Platform Processor
Oneplus,Oneplus 13s 5g,59913,4.5,385,Black velvet,12,512,5850,50MP,,6.32,Display,
Iqoo,Iqoo z9s pro 5g,24699,4.5,2688,Flamboyant orange,8,256,5500,50MP,,6.77,Display,
Vivo,Vivo t3 ultra,31999,4.5,9914,Frost green,12,256,5500,50MP + 8MP,50MP,6.78,Display,Dimensity 9200+ Processor
Oppo,Oppo f29 pro 5g,27999,4.4,1191,Marble white,8,256,6000,50MP + 2MP,16MP,6.7,Full HD+ Display,Dimensity 7300 Processor
Oppo,Oppo k13 turbo pro 5g,37999,4.4,17,Silver knight,8,256,7000,50MP + 2MP,16MP,6.8,Full HD+ Display,8s Gen 4 Mobile Platform Processor
Honor,Honor 200 5g,22999,4.3,166,Black,8,256,5200,50MP + 50MP + 12MP,50MP,6.7,Full HD+ Super AMOLED Display,Snapdragon 7 Gen 3 Processor
Redmi,Redmi note 12 5g,13990,4.2,15959,Matte black,6,128,5000,48MP + 8MP + 2MP,13MP,6.67,Full HD+ AMOLED Display,Qualcomm Snapdragon 4 Gen 1 Processor
Samsung,Samsung galaxy a55 5g,34988,4.3,536,Awesome navy,12,256,5000,50MP + 12MP + 5MP,32MP,6.6,Full HD+ Display,Samsung Exynos 1480 Processor
Samsung,Samsung galaxy m35 5g,17888,4.3,3939,Moonlight blue,8,128,6000,50MP,,6.6,Display,
Tecno,Tecno camon 30 5g,23999,4.1,207,Basaltic dark,12,512,5000,50MP + 2MP,50MP,6.78,Display,Dimensity 7020 5G Processor
Vivo,Vivo x200 pro 5g,94999,4.7,960,Titanium grey,16,512,6000,50MP + 50MP + 200MP,32MP,6.78,Display,Dimensity 9400 Processor
Vivo,Vivo x200 pro 5g,94999,4.7,960,Cosmos black,16,512,6000,50MP + 50MP + 200MP,32MP,6.78,Display,Dimensity 9400 Processor
Infinix,Infinix gt 30 5g,19499,4.5,21,Pulse green,8,128,5500,64MP + 8MP,13MP,6.78,Display,Dimensity 7400 Processor
Samsung,Samsung galaxy a04,12999,3.9,228,Green,4,128,5000,50MP + 2MP,5MP,6.5,HD+ Display,Mediatek Helio P35 Processor
Samsung,Samsung galaxy s25 5g,86999,4.6,2149,Mint,12,512,4000,50MP + 10MP + 12MP,12MP,6.2,Full HD+ Display,8 Elite for Galaxy Processor
Oppo,Oppo f29 pro 5g,29999,4.4,601,Granite black,12,256,6000,50MP + 2MP,16MP,6.7,Full HD+ Display,Dimensity 7300 Processor
Oppo,Oppo f29 pro 5g,29999,4.4,601,Marble white,12,256,6000,50MP + 2MP,16MP,6.7,Full HD+ Display,Dimensity 7300 Processor
Motorola,Motorola e32,6989,3.9,25759,Arctic blue,4,64,5000,50MP + 2MP,8MP,6.5,HD+ Display,Mediatek Helio G37 Processor
Realme,Realme 14t 5g,19999,4.3,1372,Obsidian black,8,256,6000,50MP + 2MP,16MP,6.67,Full HD+ Display,Dimensity 6300 Processor
Google,Google pixel 9 pro fold,129999,4.6,163,Obsidian,16,256,4650,48MP + 10.5MP + 10.8MP,10MP,6.3,Display,Google Tensor G4 Processor
Samsung,Samsung galaxy f13,10999,4.3,210862,Sunrise copper,4,64,6000,50MP + 5MP + 2MP,8MP,6.6,Full HD+ Display,Exynos 850 Processor
Cmf,Cmf by nothing phone 1,15999,4.4,82153,Light green,6,128,5000,50MP + 2MP,16MP,6.67,Full HD+ Display,Dimensity 7300 5G Processor
Redmi,Redmi note-14 pro+ 5g,32889,4.4,135,Titan black,12,512,6200,50MP + 50MP + 8MP,20MP,6.67,Display,7s Gen 3 Processor
Cmf,Cmf by nothing phone 1,15999,4.4,82153,Blue,6,128,5000,50MP + 2MP,16MP,6.67,Full HD+ Display,Dimensity 7300 5G Processor
Infinix,Infinix note 11,12499,4.3,39854,Glacier green,4,64,5000,50 MP + 2 MP + AI Lens,16MP,6.7,Full HD+ AMOLED Display,Mediatek Helio G88 Processor
Vivo,Vivo t3 ultra,27999,4.5,22445,Frost green,8,128,5500,50MP + 8MP,50MP,6.78,Display,Dimensity 9200+ Processor
Vivo,Vivo v50 5g,34999,4.5,6508,Titanium grey,8,256,6000,50MP + 50MP,50MP,6.77,Display,7 Gen 3 Processor
Vivo,Vivo v50 5g,34999,4.5,6508,Rose red,8,256,6000,50MP + 50MP,50MP,6.77,Display,7 Gen 3 Processor
Vivo,Vivo y19 5g,11499,4.3,1112,Titanium silver,4,128,5500,13MP + 0.08MP,5MP,6.74,Display,Dimensity 6300 Processor
Oneplus,Oneplus 13s 5g,53176,4.5,385,Green silk,12,256,5850,50MP,,6.32,Display,
Vivo,Vivo y19 5g,10499,4.3,1112,Majestic green,4,64,5500,13MP + 0.08MP,5MP,6.74,Display,Dimensity 6300 Processor
Vivo,Vivo y19 5g,10499,4.3,1112,Titanium silver,4,64,5500,13MP + 0.08MP,5MP,6.74,Display,Dimensity 6300 Processor
Vivo,Vivo v40 pro 5g,49999,4.4,1206,Titanium grey,8,256,5500,50MP + 50MP + 50MP,50MP,6.78,Full HD+ Display,Dimensity 9200+ Processor
Oppo,Oppo reno14 pro 5g,49999,4.5,748,Pearl white,12,256,6200,50MP + 50MP + 50MP,50MP,6.83,Full HD+ Display,Dimensity 8450 Processor
Samsung,Samsung galaxy s24 5g,52999,4.6,7527,Cobalt violet,8,256,4000,50MP + 10MP + 12MP,12MP,6.2,Full HD+ Display,Exynos 2400 Processor
Xiaomi,Xiaomi 14 civi,39999,4.4,775,Aqua blue,12,512,4700,50MP,32MP + 32MP,6.55,Display,8s Gen 3 Mobile Platform Processor
Poco,Poco c65,8499,4.3,103106,Pastel green,4,128,5000,50MP + AI Lens + 2MP,8MP,6.74,HD+ Display,Helio G85 Processor
Samsung,Samsung galaxy a36 5g,30999,4.3,1061,Awesome black,8,128,5000,50MP + 8MP,12MP,6.7,Full HD+ Display,Qualcomm Snapdragon 6 Gen 3 Processor
Realme,Realme narzo 80 pro 5g,22882,4.5,69,Speed silver,12,256,6000,50MP,,6.77,Display,
Redmi,Redmi note-14 pro+ 5g,31999,4.4,135,Spectre blue,12,512,6200,50MP + 50MP + 8MP,20MP,6.67,Display,7s Gen 3 Processor
Iqoo,Iqoo z9x,14579,4.2,2299,Storm grey,4,128,6000,50MP,,6.72,Display,"Octa core (2.2 GHz, Quad core, Cortex A78 + 1.8 GHz, Quad core, Cortex A55) Processor"
Redmi,Redmi note 14 pro+ 5g,27999,4.3,2248,Spectre blue,8,128,6200,50MP + 50MP + 8MP,20MP,6.67,Display,7s Gen 3 Processor
Motorola,Motorola edge 50 ultra 5g,44999,4.3,2988,Peach fuzz,12,512,4500,50MP + 50MP + 64MP,50MP,6.7,Display,8s Gen 3 Mobile Platform Processor
Vivo,Vivo y19 5g,12999,4.3,118,Titanium silver,6,128,5500,13MP + 0.08MP,5MP,6.74,Display,Dimensity 6300 Processor
Samsung,Samsung galaxy s24 ultra 5g,129999,4.6,4716,Titanium gray,12,512,5000,200MP + 50MP + 12MP + 10MP,12MP,6.8,Quad HD+ Display,Snapdragon 8 Gen 3 Processor
Motorola,Motorola e32s,5999,3.5,679,Misty silver,3,32,5000,16MP + 2MP + 2MP,8MP,6.5,HD+ Display,Mediatek Helio G37 Processor
Samsung,Samsung galaxy m16 5g,16998,4.3,177,Thunder black,8,128,5000,50MP,,6.7,Display,
Itel,Itel p55 5g,9299,3.9,155,Galaxy blue,6,128,5000,50MP,,6.6,Display,
Poco,Poco c61,7499,4.1,111078,Mystical green,4,64,5000,8MP,5MP,6.71,HD+ Display,Helio G36 Processor
Cmf,Cmf by nothing phone 1,15999,4.4,82153,Black,6,128,5000,50MP + 2MP,16MP,6.67,Full HD+ Display,Dimensity 7300 5G Processor
Cmf,Cmf by nothing phone 1,15999,4.4,82153,Orange,6,128,5000,50MP + 2MP,16MP,6.67,Full HD+ Display,Dimensity 7300 5G Processor
Samsung,Samsung galaxy m04,8999,4.1,13225,Dark blue,4,64,5000,13MP + 13MP,5MP + 5MP,6.5,HD+ Display,MediaTek Helio P35 octa core Processor
Google,Google pixel 8 pro,59999,4.4,1263,Obsidian,12,128,5050,50MP + 48MP + 48MP,10.5MP,6.7,Full HD+ AMOLED Display,Tensor G3 Processor
Samsung,Samsung galaxy a36 5g,30999,4.3,1061,Awesome white,8,128,5000,50MP + 8MP,12MP,6.7,Full HD+ Display,Qualcomm Snapdragon 6 Gen 3 Processor
Oppo,Oppo a5 pro 5g,17999,4.2,292,Feather blue,8,128,5800,50MP + 2MP,8MP,6.67,Display,Dimensity 6300 Processor
Samsung,Samsung galaxy s25 ultra 5g,129999,4.7,1966,Titanium gray,12,512,5000,200MP + 50MP + 50MP + 10MP,12MP,6.9,Quad HD+ Display,8 Elite for Galaxy Processor
Redmi,Redmi a3,7899,4.2,1934,Olive green,4,128,5000,8MP,5MP,6.71,HD+ Display,Mediatek Helio G36 Processor
Iqoo,Iqoo z9x,13799,4.2,2299,Tornado green,4,128,6000,50MP,,6.72,Display,"Octa core (2.2 GHz, Quad core, Cortex A78 + 1.8 GHz, Quad core, Cortex A55) Processor"
Redmi,Redmi 13c,10994,4.2,25521,Stardust black,6,128,5000,50MP,8MP,6.74,HD+ Display,Helio G85 Processor
Poco,Poco m6 plus 5g,14499,4.2,11949,Misty lavender,8,128,5030,108MP + 2MP,13MP,6.79,Full HD+ Display,Snapdragon 4 Gen2 AE Processor
Samsung,Samsung galaxy s25 ultra 5g,129999,4.7,1966,Titanium black,12,512,5000,200MP + 50MP + 50MP + 10MP,12MP,6.9,Quad HD+ Display,8 Elite for Galaxy Processor
Samsung,Samsung a16 5g,17099,4.0,51,Blue black,6,128,5000,13MP + 50MP,13MP + 13MP,6.7,Full HD+ Display,Octa-core (2x2.4 GHz Cortex-A78 & 6x2.0 GHz Cortex-A55) or Octa-core (2x2.4 GHz Cortex-A76 & 6x2.0 GHz Cortex-A55) Processor
Samsung,Samsung galaxy f36 5g,18999,4.1,602,Violet,8,128,5000,50MP + 8MP + 2MP,13MP,6.7,Full HD+ Display,Samsung Exynos 1380 Processor
Infinix,Infinix note 40 pro 5g,18999,4.2,40556,Vintage green,8,256,5000,108MP (OIS) + 2MP + 2MP,32MP,6.78,Full HD+ Display,Mediatek Dimensity 7020 Processor
Samsung,Samsung galaxy a36 5g,36999,4.3,131,Awesome lavender,12,256,5000,50MP + 8MP,12MP,6.7,Full HD+ Display,Qualcomm Snapdragon 6 Gen 3 Processor
Tecno,Tecno spark 30c 5g,9999,4.1,867,Aurora cloud,4,64,5000,48MP,8MP,6.67,Display,Dimensity 6300 5G Processor
Tecno,Tecno spark 30c 5g,9999,4.1,867,Midnight shadow,4,64,5000,48MP,8MP,6.67,Display,Dimensity 6300 5G Processor
Tecno,Tecno spark 30c 5g,9999,4.1,867,Azure sky,4,64,5000,48MP,8MP,6.67,Display,Dimensity 6300 5G Processor
Samsung,Samsung galaxy m33 5g,19999,4.2,5070,Mystique green,8,128,6000,50MP,,6.6,Display,
Motorola,Motorola g54 5g,16999,4.2,84239,Mint green,12,256,6000,50MP (OIS) + 8MP,16MP,6.5,Full HD+ Display,Dimensity 7020 Processor
Google,Google pixel 9 pro xl,119999,4.6,877,Obsidian,16,512,5060,50MP + 48MP + 48MP,42MP,6.8,Display,Google Tensor G4 Processor
Vivo,Vivo y100a,23999,4.3,777,Pacific blue,8,256,4500,64MP + 2MP + 2MP,16MP,6.38,Full HD+ Display,Snapdragon 695 Processor
Cmf,Cmf by nothing phone 1,17999,4.4,26862,Light green,8,128,5000,50MP + 2MP,16MP,6.67,Full HD+ Display,Dimensity 7300 5G Processor
Redmi,Redmi 9,8745,4.3,245570,Mighty black,4,64,6000,48MP + 8MP + 2MP + 2MP,8MP,6.53,Full HD+ Display,Qualcomm Snapdragon 662 Processor
Redmi,Redmi 9,8799,4.3,245570,Blazing blue,4,64,6000,48MP + 8MP + 2MP + 2MP,8MP,6.53,Full HD+ Display,Qualcomm Snapdragon 662 Processor
Google,Google pixel 7,29999,4.3,19456,Lemongrass,8,128,4270,50MP + 12MP,10.8MP,6.3,Full HD+ Display,Google Tensor G2 Processor
Motorola,Motorola g73 5g,12999,4.0,38104,Lucent white,8,128,5000,50MP + 8MP,16MP,6.5,Full HD+ Display,Mediatek Dimensity 930 Processor
Vivo,Vivo y100a,14999,4.3,777,Twilight gold,8,128,4500,64MP + 2MP + 2MP,16MP,6.38,Full HD+ Display,Snapdragon 695 Processor
Ai+,Ai,6999,3.9,577,Pink,6,128,5000,50MP,5MP,6.745,HD+ Display,T615 Processor
Vivo,Vivo v40 pro 5g,48998,4.5,942,Ganges blue,12,512,5500,50MP + 50MP + 50MP,50MP,6.78,Full HD+ Display,Dimensity 9200+ Processor
Samsung,Samsung galaxy a23,15999,4.3,696,Black,8,128,5000,50MP,8MP,6.6,Full HD+ Display,Octa-core(EXYNOS) Processor
Cmf,Cmf by nothing phone 1,17999,4.4,26862,Blue,8,128,5000,50MP + 2MP,16MP,6.67,Full HD+ Display,Dimensity 7300 5G Processor
Cmf,Cmf by nothing phone 1,17999,4.4,26862,Orange,8,128,5000,50MP + 2MP,16MP,6.67,Full HD+ Display,Dimensity 7300 5G Processor
Tecno,Tecno spark 30c 5g,12999,4.3,91,Aurora cloud,8,128,5000,48MP,8MP,6.67,Display,Dimensity 6300 5G Processor
Tecno,Tecno spark 30c 5g,12999,4.3,91,Midnight shadow,8,128,5000,48MP,8MP,6.67,Display,Dimensity 6300 5G Processor
Tecno,Tecno spark 30c 5g,12999,4.3,91,Azure sky,8,128,5000,48MP,8MP,6.67,Display,Dimensity 6300 5G Processor
Infinix,Infinix note 40 pro 5g,18999,4.2,40556,Racing grey,8,256,5000,108MP (OIS) + 2MP + 2MP,32MP,6.78,Full HD+ Display,Mediatek Dimensity 7020 Processor
Realme,Realme p1 5g,13000,4.4,51664,Phoenix red,8,128,5000,50MP + 2MP,16MP,6.67,Full HD+ Display,Dimensity 7050 Processor
Realme,Realme p1 5g,12500,4.4,51664,Feather blue,8,128,5000,50MP + 2MP,16MP,6.67,Full HD+ Display,Dimensity 7050 Processor
Vivo,Vivo y19 5g,11499,4.3,1112,Majestic green,4,128,5500,13MP + 0.08MP,5MP,6.74,Display,Dimensity 6300 Processor
Apple,Apple iphone 16 plus,114900,4.6,3379,Teal,8,512,4000,48MP + 12MP,12MP,6.7,Super Retina XDR Display,"A18 Chip, 6 Core Processor Processor"
Redmi,Redmi note 13 5g,16999,4.2,18792,Prism gold,8,256,5000,108MP + 2MP,16MP,6.67,Full HD+ Display,Dimensity 6080 Processor
Realme,Realme p1 5g,12000,4.4,107956,Feather blue,6,128,5000,50MP + 2MP,16MP,6.67,Full HD+ Display,Dimensity 7050 Processor
Xiaomi,Xiaomi 14 civi,39999,4.4,775,Panda white,12,512,4700,50MP,32MP + 32MP,6.55,Display,8s Gen 3 Mobile Platform Processor
Samsung,Samsung galaxy a25 5g,23489,4.2,361,Yellow,8,256,5000,50MP + 8MP + 2MP,13MP,6.5,Full HD+ Display,Exynos 1280 Processor
Vivo,Vivo y28s 5g,12999,4.3,556,Twinkling purple,4,128,5000,50MP + 0.08MP,8MP,6.56,Display,Dimensity 6300 Processor
Motorola,Motorola g62 5g,10999,4.2,58378,Midnight gray,6,128,5000,50MP + 8MP + 2MP,16MP,6.55,Full HD+ Display,Qualcomm Snapdragon 695 5G Processor
Xiaomi,Xiaomi 14 civi,36999,4.3,1483,Cruise blue,8,256,4700,50MP,32MP + 32MP,6.55,Display,8s Gen 3 Mobile Platform Processor
Realme,Realme p1 5g,12000,4.4,107956,Peacock green,6,128,5000,50MP + 2MP,16MP,6.67,Full HD+ Display,Dimensity 7050 Processor
Google,Google pixel 9 pro xl,104999,4.6,877,Obsidian,16,256,5060,50MP + 48MP + 48MP,42MP,6.8,Display,Google Tensor G4 Processor
Motorola,Motorola e32s,5999,3.5,679,Slate gray,3,32,5000,16MP + 2MP,8MP + 2MP,6.5,HD+ Display,Mediatek Helio G37 Processor
Samsung,Samsung galaxy f15 5g,15999,4.2,14006,Ash black,4,128,6000,50MP + 5MP + 2MP,13MP,6.5,Full HD+ Display,MediaTek Dimensity 6100+ Processor
Redmi,Redmi 13c,15999,4.1,1746,Stardust black,8,256,5000,50MP,,6.74,Display,
Poco,Poco m4 5g,10999,4.2,56899,Cool blue,6,128,5000,50MP + 2MP,8MP,6.58,Full HD+ Display,Mediatek Dimensity 700 Processor
Samsung,Samsung galaxy a16 5g,15999,4.2,2650,Blue black,6,128,5000,50MP + 5MP + 2MP,13MP,6.7,Full HD+ Display,Dimensity 6300 Processor
Oppo,Oppo a3 pro 5g,15999,4.3,2410,Moonlight purple,8,128,5100,50MP + 50MP + 2MP,13MP,6.67,Full HD Display,Dimensity 6300 5G Mobile Platform Processor
Oneplus,Oneplus nord 4 5g,27646,4.5,3923,Oasis green,8,256,5500,50MP,,6.74,Display,
Samsung,Samsung galaxy s23 5g,44999,4.6,79486,Phantom black,8,128,3900,50MP + 10MP + 12MP,12MP,6.1,Full HD+ Display,Qualcomm Snapdragon 8 Gen 2 Processor
Iqoo,Iqoo z9s 5g,22900,4.4,9002,Onyx green,8,128,5500,50MP,,6.77,Display,
Samsung,Samsung galaxy a56 5g,38999,4.3,410,Awesome olive,8,128,5000,50MP + 12MP + 5MP,12MP,6.7,Full HD+ Display,Samsng Exynos 1580 Processor
Redmi,Redmi note 14 pro 5g,24999,4.3,4154,Ivy green,8,256,5500,50MP + 8MP + 2MP,20MP,6.67,Display,Dimensity 7300 Ultra Processor
Redmi,Redmi note 14 pro 5g,24999,4.3,4154,Titan black,8,256,5500,50MP + 8MP + 2MP,20MP,6.67,Display,Dimensity 7300 Ultra Processor
Iqoo,Iqoo z6 lite 5g,13990,4.2,2267,Without charger) (mystic night,6,128,5000,50MP,,6.68,Display,
Redmi,Redmi note 14 pro 5g,22999,4.3,4154,Ivy green,8,128,5500,50MP + 8MP + 2MP,20MP,6.67,Display,Dimensity 7300 Ultra Processor
Vivo,Vivo y28s 5g,13999,4.4,1069,Twinkling purple,6,128,5000,50MP + 0.08MP,8MP,6.56,Full HD+ Display,Dimensity 6300 Processor
Vivo,Vivo y22,11970,4.3,1970,Metaverse green,6,128,5000,50MP + 2MP,8MP,6.55,HD+ Display,Mediatek Helio G70 Processor
Samsung,Samsung galaxy s25 ultra 5g,109999,4.7,1966,Titanium silverblue,12,256,5000,200MP + 50MP + 50MP + 10MP,12MP,6.9,Quad HD+ Display,8 Elite for Galaxy Processor
Samsung,Samsung galaxy f14 5g,13490,4.2,128022,B.a.e. purple,6,128,6000,50MP + 2MP,13MP,6.6,Full HD+ Display,"Exynos 1330, Octa Core Processor"
Realme,Realme x3 superzoom,21999,4.2,3192,Glacier blue,12,256,4200,64MP + 8MP + 8MP + 2MP,32MP + 8MP,6.57,Full HD+ Display,Qualcomm Snapdragon 855+ Processor
Samsung,Samsung galaxy a26 5g,22999,4.0,180,Awesome mint,8,128,5000,50MP + 8MP,13MP,6.7,Full HD+ Display,Samsung Exynos 1380 Processor
Realme,Realme narzo n65 5g,12998,4.3,6282,Deep green,6,128,5000,50MP,,6.67,Display,
Samsung,Samsung galaxy s23 5g,44999,4.6,79486,Cream,8,128,3900,50MP + 10MP + 12MP,12MP,6.1,Full HD+ Display,Qualcomm Snapdragon 8 Gen 2 Processor
Samsung,Samsung galaxy f34 5g,19999,4.2,47414,Electric black,6,128,6000,50MP (OIS) + 8MP + 2MP,13MP,6.5,Full HD+ Display,Exynos 1280 Processor
Poco,Poco m6 plus 5g,14499,4.2,11949,Ice silver,8,128,5030,108MP + 2MP,13MP,6.79,Full HD+ Display,Snapdragon 4 Gen2 AE Processor
